country_name;iso_code;year;total_reconstruction_costs;total_insured_damages;total_economic_damages
Afghanistan;AFG;1900;0;0;0
Afghanistan;AFG;1910;0;0;0
Afghanistan;AFG;1920;0;0;0
Afghanistan;AFG;1930;0;0;0
Afghanistan;AFG;1940;0;0;0
Afghanistan;AFG;1950;0;0;5000000
Afghanistan;AFG;1960;0;0;40000
Afghanistan;AFG;1970;0;0;10400000
Afghanistan;AFG;1980;0;0;53800000
Afghanistan;AFG;1990;0;40000;16802000
Afghanistan;AFG;2000;0;0;5022000
Afghanistan;AFG;2010;0;0;29600000
Afghanistan;AFG;2020;0;0;0
Albania;ALB;1900;0;0;4760000
Albania;ALB;1910;0;0;0
Albania;ALB;1920;0;0;0
Albania;ALB;1930;0;0;0
Albania;ALB;1940;0;0;0
Albania;ALB;1950;0;0;0
Albania;ALB;1960;0;0;23570000
Albania;ALB;1970;0;0;40720000
Albania;ALB;1980;0;0;8275400
Albania;ALB;1990;0;0;225893900
Albania;ALB;2000;0;0;3534600
Albania;ALB;2010;0;0;516080000
Albania;ALB;2020;0;0;627666700
Algeria;DZA;1900;0;0;0
Algeria;DZA;1910;0;0;0
Algeria;DZA;1920;0;0;0
Algeria;DZA;1930;0;0;0
Algeria;DZA;1940;0;0;0
Algeria;DZA;1950;0;0;1200000
Algeria;DZA;1960;0;0;5000000
Algeria;DZA;1970;0;0;8000000
Algeria;DZA;1980;0;0;1040400000
Algeria;DZA;1990;0;0;12365800
Algeria;DZA;2000;0;0;1140203400
Algeria;DZA;2010;0;0;155800000
Algeria;DZA;2020;0;0;0
American Samoa;ASM;1900;0;0;0
American Samoa;ASM;1910;0;0;0
American Samoa;ASM;1920;0;0;0
American Samoa;ASM;1930;0;0;0
American Samoa;ASM;1940;0;0;0
American Samoa;ASM;1950;0;0;0
American Samoa;ASM;1960;0;0;0
American Samoa;ASM;1970;0;0;0
American Samoa;ASM;1980;0;0;1000000
American Samoa;ASM;1990;0;0;0
American Samoa;ASM;2000;0;0;40000000
American Samoa;ASM;2010;0;0;0
American Samoa;ASM;2020;0;0;0
Angola;AGO;1900;0;0;0
Angola;AGO;1910;0;0;0
Angola;AGO;1920;0;0;0
Angola;AGO;1930;0;0;0
Angola;AGO;1940;0;0;0
Angola;AGO;1950;0;0;0
Angola;AGO;1960;0;0;0
Angola;AGO;1970;0;0;0
Angola;AGO;1980;0;0;0
Angola;AGO;1990;0;0;0
Angola;AGO;2000;0;0;2000000
Angola;AGO;2010;0;0;400000
Angola;AGO;2020;0;0;0
Anguilla;AIA;1900;0;0;0
Anguilla;AIA;1910;0;0;0
Anguilla;AIA;1920;0;0;0
Anguilla;AIA;1930;0;0;0
Anguilla;AIA;1940;0;0;0
Anguilla;AIA;1950;0;0;0
Anguilla;AIA;1960;0;0;7000000
Anguilla;AIA;1970;0;0;0
Anguilla;AIA;1980;0;0;0
Anguilla;AIA;1990;0;0;10000
Anguilla;AIA;2000;0;0;0
Anguilla;AIA;2010;0;1340000;40000000
Anguilla;AIA;2020;0;0;0
Antigua and Barbuda;ATG;1900;0;0;0
Antigua and Barbuda;ATG;1910;0;0;0
Antigua and Barbuda;ATG;1920;0;0;0
Antigua and Barbuda;ATG;1930;0;0;0
Antigua and Barbuda;ATG;1940;0;0;0
Antigua and Barbuda;ATG;1950;0;0;200000
Antigua and Barbuda;ATG;1960;0;0;0
Antigua and Barbuda;ATG;1970;0;0;0
Antigua and Barbuda;ATG;1980;0;0;16000000
Antigua and Barbuda;ATG;1990;0;10000000;90000000
Antigua and Barbuda;ATG;2000;0;0;0
Antigua and Barbuda;ATG;2010;40000000;1360000;52520000
Antigua and Barbuda;ATG;2020;0;0;0
Argentina;ARG;1900;0;0;0
Argentina;ARG;1910;0;0;0
Argentina;ARG;1920;0;0;0
Argentina;ARG;1930;0;0;0
Argentina;ARG;1940;0;0;20000000
Argentina;ARG;1950;0;0;0
Argentina;ARG;1960;0;0;6600000
Argentina;ARG;1970;0;0;21000000
Argentina;ARG;1980;0;0;786000000
Argentina;ARG;1990;0;0;550400000
Argentina;ARG;2000;0;0;441642000
Argentina;ARG;2010;0;42600000;839840000
Argentina;ARG;2020;0;0;490000000
Armenia;ARM;1900;0;0;0
Armenia;ARM;1910;0;0;0
Armenia;ARM;1920;0;0;0
Armenia;ARM;1930;0;0;0
Armenia;ARM;1940;0;0;0
Armenia;ARM;1950;0;0;0
Armenia;ARM;1960;0;0;0
Armenia;ARM;1970;0;0;0
Armenia;ARM;1980;0;0;0
Armenia;ARM;1990;0;0;8290600
Armenia;ARM;2000;0;0;22000000
Armenia;ARM;2010;0;0;352364400
Armenia;ARM;2020;0;0;0
Australia;AUS;1900;0;0;0
Australia;AUS;1910;0;0;0
Australia;AUS;1920;0;0;0
Australia;AUS;1930;0;0;0
Australia;AUS;1940;0;0;0
Australia;AUS;1950;0;0;0
Australia;AUS;1960;0;0;74420000
Australia;AUS;1970;0;0;495514200
Australia;AUS;1980;0;113980000;996423200
Australia;AUS;1990;0;255380000;1155818600
Australia;AUS;2000;0;842800000;1853290800
Australia;AUS;2010;0;2460200000;5590080000
Australia;AUS;2020;0;3648666673;11073333200
Austria;AUT;1900;0;0;0
Austria;AUT;1910;0;0;0
Austria;AUT;1920;0;0;0
Austria;AUT;1930;0;0;0
Austria;AUT;1940;0;0;0
Austria;AUT;1950;0;0;0
Austria;AUT;1960;0;0;12931800
Austria;AUT;1970;0;0;38120000
Austria;AUT;1980;0;0;94288700
Austria;AUT;1990;0;45180000;2005024000
Austria;AUT;2000;0;158000000;2146976000
Austria;AUT;2010;0;49400000;2829459800
Austria;AUT;2020;0;0;2700000000
Azerbaijan;AZE;1900;0;0;0
Azerbaijan;AZE;1910;0;0;0
Azerbaijan;AZE;1920;0;0;0
Azerbaijan;AZE;1930;0;0;0
Azerbaijan;AZE;1940;0;0;0
Azerbaijan;AZE;1950;0;0;0
Azerbaijan;AZE;1960;0;0;60000000
Azerbaijan;AZE;1970;0;0;0
Azerbaijan;AZE;1980;0;0;600000000
Azerbaijan;AZE;1990;0;0;206540000
Azerbaijan;AZE;2000;0;0;223000000
Azerbaijan;AZE;2010;0;0;120000000
Azerbaijan;AZE;2020;0;0;0
Bahamas;BHS;1900;0;0;0
Bahamas;BHS;1910;0;0;0
Bahamas;BHS;1920;0;0;0
Bahamas;BHS;1930;0;0;0
Bahamas;BHS;1940;0;0;0
Bahamas;BHS;1950;0;0;0
Bahamas;BHS;1960;0;0;3540000
Bahamas;BHS;1970;0;0;0
Bahamas;BHS;1980;0;0;0
Bahamas;BHS;1990;0;4400000;140080000
Bahamas;BHS;2000;0;49000000;370000000
Bahamas;BHS;2010;0;15279600;835400000
Bahamas;BHS;2020;0;0;0
Bangladesh;BGD;1900;0;0;0
Bangladesh;BGD;1910;0;0;0
Bangladesh;BGD;1920;0;0;0
Bangladesh;BGD;1930;0;0;0
Bangladesh;BGD;1940;0;0;0
Bangladesh;BGD;1950;0;0;0
Bangladesh;BGD;1960;0;0;71495800
Bangladesh;BGD;1970;0;0;148160200
Bangladesh;BGD;1980;0;0;682140000
Bangladesh;BGD;1990;0;16000000;1555560000
Bangladesh;BGD;2000;0;0;1186800000
Bangladesh;BGD;2010;0;0;344557000
Bangladesh;BGD;2020;0;0;1333333370
Barbados;BRB;1900;0;0;0
Barbados;BRB;1910;0;0;0
Barbados;BRB;1920;0;0;0
Barbados;BRB;1930;0;0;0
Barbados;BRB;1940;0;0;0
Barbados;BRB;1950;0;0;0
Barbados;BRB;1960;0;0;0
Barbados;BRB;1970;0;0;100000
Barbados;BRB;1980;0;0;20300000
Barbados;BRB;1990;0;0;0
Barbados;BRB;2000;0;0;1040000
Barbados;BRB;2010;0;0;0
Barbados;BRB;2020;0;0;0
Belarus;BLR;1900;0;0;0
Belarus;BLR;1910;0;0;0
Belarus;BLR;1920;0;0;0
Belarus;BLR;1930;0;0;0
Belarus;BLR;1940;0;0;0
Belarus;BLR;1950;0;0;0
Belarus;BLR;1960;0;0;0
Belarus;BLR;1970;0;0;0
Belarus;BLR;1980;0;0;0
Belarus;BLR;1990;30000000;0;27476000
Belarus;BLR;2000;0;0;8060000
Belarus;BLR;2010;0;0;0
Belarus;BLR;2020;0;0;0
Belgium;BEL;1900;0;0;0
Belgium;BEL;1910;0;0;0
Belgium;BEL;1920;0;0;0
Belgium;BEL;1930;0;0;0
Belgium;BEL;1940;0;0;0
Belgium;BEL;1950;0;0;0
Belgium;BEL;1960;0;0;0
Belgium;BEL;1970;0;0;0
Belgium;BEL;1980;0;0;10000000
Belgium;BEL;1990;0;146200000;251597200
Belgium;BEL;2000;0;56000000;91000000
Belgium;BEL;2010;0;16000000;99429200
Belgium;BEL;2020;0;0;1333333400
Belize;BLZ;1900;0;0;0
Belize;BLZ;1910;0;0;0
Belize;BLZ;1920;0;0;0
Belize;BLZ;1930;0;0;1500000
Belize;BLZ;1940;0;0;0
Belize;BLZ;1950;0;0;1000000
Belize;BLZ;1960;0;0;12000000
Belize;BLZ;1970;0;0;2000000
Belize;BLZ;1980;0;0;0
Belize;BLZ;1990;0;0;1000000
Belize;BLZ;2000;0;0;110400800
Belize;BLZ;2010;0;0;0
Belize;BLZ;2020;0;0;0
Benin;BEN;1900;0;0;0
Benin;BEN;1910;0;0;0
Benin;BEN;1920;0;0;0
Benin;BEN;1930;0;0;0
Benin;BEN;1940;0;0;0
Benin;BEN;1950;0;0;0
Benin;BEN;1960;0;0;0
Benin;BEN;1970;0;0;40000
Benin;BEN;1980;0;0;1025100
Benin;BEN;1990;0;0;663000
Benin;BEN;2000;0;0;0
Benin;BEN;2010;0;0;0
Benin;BEN;2020;0;0;0
Bermuda;BMU;1900;0;0;0
Bermuda;BMU;1910;0;0;0
Bermuda;BMU;1920;0;0;0
Bermuda;BMU;1930;0;0;0
Bermuda;BMU;1940;0;0;0
Bermuda;BMU;1950;0;0;0
Bermuda;BMU;1960;0;0;0
Bermuda;BMU;1970;0;0;0
Bermuda;BMU;1980;0;0;10700000
Bermuda;BMU;1990;0;0;0
Bermuda;BMU;2000;0;25000000;60000000
Bermuda;BMU;2010;0;0;0
Bermuda;BMU;2020;0;0;0
Bhutan;BTN;1900;0;0;0
Bhutan;BTN;1910;0;0;0
Bhutan;BTN;1920;0;0;0
Bhutan;BTN;1930;0;0;0
Bhutan;BTN;1940;0;0;0
Bhutan;BTN;1950;0;0;0
Bhutan;BTN;1960;0;0;0
Bhutan;BTN;1970;0;0;0
Bhutan;BTN;1980;0;0;65100
Bhutan;BTN;1990;0;0;700000
Bhutan;BTN;2000;0;0;0
Bhutan;BTN;2010;0;0;0
Bhutan;BTN;2020;0;0;0
Bolivia;BOL;1900;0;0;0
Bolivia;BOL;1910;0;0;0
Bolivia;BOL;1920;0;0;0
Bolivia;BOL;1930;0;0;0
Bolivia;BOL;1940;0;0;0
Bolivia;BOL;1950;0;0;0
Bolivia;BOL;1960;0;0;743600
Bolivia;BOL;1970;0;0;4100000
Bolivia;BOL;1980;0;0;196240000
Bolivia;BOL;1990;0;0;134000000
Bolivia;BOL;2000;2000000;0;169400000
Bolivia;BOL;2010;0;0;99500000
Bolivia;BOL;2020;0;0;0
Bosnia and Herzegovina;BIH;1900;0;0;0
Bosnia and Herzegovina;BIH;1910;0;0;0
Bosnia and Herzegovina;BIH;1920;0;0;0
Bosnia and Herzegovina;BIH;1930;0;0;0
Bosnia and Herzegovina;BIH;1940;0;0;0
Bosnia and Herzegovina;BIH;1950;0;0;0
Bosnia and Herzegovina;BIH;1960;0;0;0
Bosnia and Herzegovina;BIH;1970;0;0;0
Bosnia and Herzegovina;BIH;1980;0;0;0
Bosnia and Herzegovina;BIH;1990;0;0;0
Bosnia and Herzegovina;BIH;2000;0;0;29800000
Bosnia and Herzegovina;BIH;2010;0;0;104716000
Bosnia and Herzegovina;BIH;2020;0;0;0
Botswana;BWA;1900;0;0;0
Botswana;BWA;1910;0;0;0
Botswana;BWA;1920;0;0;0
Botswana;BWA;1930;0;0;0
Botswana;BWA;1940;0;0;0
Botswana;BWA;1950;0;0;0
Botswana;BWA;1960;0;0;100000
Botswana;BWA;1970;0;0;210000
Botswana;BWA;1980;0;0;96560000
Botswana;BWA;1990;0;0;0
Botswana;BWA;2000;0;0;1000000
Botswana;BWA;2010;0;0;59400000
Botswana;BWA;2020;0;0;0
Brazil;BRA;1900;0;0;0
Brazil;BRA;1910;0;0;0
Brazil;BRA;1920;0;0;0
Brazil;BRA;1930;0;0;0
Brazil;BRA;1940;0;0;0
Brazil;BRA;1950;0;0;0
Brazil;BRA;1960;0;0;19902200
Brazil;BRA;1970;0;0;438630000
Brazil;BRA;1980;0;0;794500000
Brazil;BRA;1990;0;4200000;134760000
Brazil;BRA;2000;107600000;94600000;747674000
Brazil;BRA;2010;302000;10000000;1279500000
Brazil;BRA;2020;234000000;0;3303333334
British Virgin Islands;VGB;1900;0;0;0
British Virgin Islands;VGB;1910;0;0;0
British Virgin Islands;VGB;1920;0;0;0
British Virgin Islands;VGB;1930;0;0;0
British Virgin Islands;VGB;1940;0;0;0
British Virgin Islands;VGB;1950;0;0;0
British Virgin Islands;VGB;1960;0;0;100000
British Virgin Islands;VGB;1970;0;0;200000
British Virgin Islands;VGB;1980;0;0;0
British Virgin Islands;VGB;1990;0;0;400000
British Virgin Islands;VGB;2000;0;0;0
British Virgin Islands;VGB;2010;0;0;604400000
British Virgin Islands;VGB;2020;0;0;0
Brunei;BRN;1900;0;0;0
Brunei;BRN;1910;0;0;0
Brunei;BRN;1920;0;0;0
Brunei;BRN;1930;0;0;0
Brunei;BRN;1940;0;0;0
Brunei;BRN;1950;0;0;0
Brunei;BRN;1960;0;0;0
Brunei;BRN;1970;0;0;230010000
Brunei;BRN;1980;0;0;65100000
Brunei;BRN;1990;0;0;12600000
Brunei;BRN;2000;0;0;165000000
Brunei;BRN;2010;0;0;646000000
Brunei;BRN;2020;0;0;2000000000
Bulgaria;BGR;1900;0;0;0
Bulgaria;BGR;1910;0;0;0
Bulgaria;BGR;1920;0;0;0
Bulgaria;BGR;1930;0;0;0
Bulgaria;BGR;1940;0;0;0
Bulgaria;BGR;1950;0;0;0
Bulgaria;BGR;1960;0;0;0
Bulgaria;BGR;1970;0;0;0
Bulgaria;BGR;1980;0;0;0
Bulgaria;BGR;1990;0;0;0
Bulgaria;BGR;2000;0;0;95620800
Bulgaria;BGR;2010;0;14600000;188440000
Bulgaria;BGR;2020;0;0;30666666
Burkina Faso;BFA;1900;0;0;0
Burkina Faso;BFA;1910;0;0;0
Burkina Faso;BFA;1920;0;0;0
Burkina Faso;BFA;1930;0;0;0
Burkina Faso;BFA;1940;0;0;0
Burkina Faso;BFA;1950;0;0;0
Burkina Faso;BFA;1960;0;0;0
Burkina Faso;BFA;1970;0;0;0
Burkina Faso;BFA;1980;0;0;0
Burkina Faso;BFA;1990;0;0;0
Burkina Faso;BFA;2000;1200000;0;30000000
Burkina Faso;BFA;2010;0;0;6235200
Burkina Faso;BFA;2020;0;0;0
Burundi;BDI;1900;0;0;0
Burundi;BDI;1910;0;0;0
Burundi;BDI;1920;0;0;0
Burundi;BDI;1930;0;0;0
Burundi;BDI;1940;0;0;0
Burundi;BDI;1950;0;0;0
Burundi;BDI;1960;0;0;0
Burundi;BDI;1970;0;0;0
Burundi;BDI;1980;0;0;0
Burundi;BDI;1990;0;0;0
Burundi;BDI;2000;0;0;0
Burundi;BDI;2010;0;0;3000000
Burundi;BDI;2020;0;0;0
Cambodia;KHM;1900;0;0;0
Cambodia;KHM;1910;0;0;0
Cambodia;KHM;1920;0;0;0
Cambodia;KHM;1930;0;0;0
Cambodia;KHM;1940;0;0;0
Cambodia;KHM;1950;0;0;0
Cambodia;KHM;1960;0;0;0
Cambodia;KHM;1970;0;0;0
Cambodia;KHM;1980;0;0;0
Cambodia;KHM;1990;0;0;40402000
Cambodia;KHM;2000;0;0;39020000
Cambodia;KHM;2010;0;0;218600000
Cambodia;KHM;2020;0;0;66666668
Cameroon;CMR;1900;0;0;0
Cameroon;CMR;1910;0;0;0
Cameroon;CMR;1920;0;0;0
Cameroon;CMR;1930;0;0;0
Cameroon;CMR;1940;0;0;0
Cameroon;CMR;1950;0;0;0
Cameroon;CMR;1960;0;0;0
Cameroon;CMR;1970;0;0;150000
Cameroon;CMR;1980;0;0;0
Cameroon;CMR;1990;0;0;0
Cameroon;CMR;2000;0;0;0
Cameroon;CMR;2010;0;0;400000
Cameroon;CMR;2020;0;0;0
Canada;CAN;1900;0;0;0
Canada;CAN;1910;0;0;1000000
Canada;CAN;1920;0;0;1600000
Canada;CAN;1930;0;0;0
Canada;CAN;1940;0;0;100000
Canada;CAN;1950;0;0;40000000
Canada;CAN;1960;0;0;0
Canada;CAN;1970;0;0;307200000
Canada;CAN;1980;0;55900000;1170800000
Canada;CAN;1990;0;319580000;1060820000
Canada;CAN;2000;0;92200000;375800000
Canada;CAN;2010;15600000;1366506000;3284600000
Canada;CAN;2020;0;600000000;3070608006
Cape Verde;CPV;1900;0;0;0
Cape Verde;CPV;1910;0;0;0
Cape Verde;CPV;1920;0;0;0
Cape Verde;CPV;1930;0;0;0
Cape Verde;CPV;1940;0;0;0
Cape Verde;CPV;1950;0;0;0
Cape Verde;CPV;1960;0;0;0
Cape Verde;CPV;1970;0;0;150000
Cape Verde;CPV;1980;0;0;600000
Cape Verde;CPV;1990;0;0;0
Cape Verde;CPV;2000;0;0;0
Cape Verde;CPV;2010;0;0;220000
Cape Verde;CPV;2020;0;0;0
Cayman Islands;CYM;1900;0;0;0
Cayman Islands;CYM;1910;0;0;0
Cayman Islands;CYM;1920;0;0;0
Cayman Islands;CYM;1930;0;0;0
Cayman Islands;CYM;1940;0;0;0
Cayman Islands;CYM;1950;0;0;0
Cayman Islands;CYM;1960;0;0;0
Cayman Islands;CYM;1970;0;0;300000000
Cayman Islands;CYM;1980;0;0;181000000
Cayman Islands;CYM;1990;0;0;0
Cayman Islands;CYM;2000;0;308000000;699316000
Cayman Islands;CYM;2010;0;0;0
Cayman Islands;CYM;2020;0;0;0
Central African Republic;CAF;1900;0;0;0
Central African Republic;CAF;1910;0;0;0
Central African Republic;CAF;1920;0;0;0
Central African Republic;CAF;1930;0;0;0
Central African Republic;CAF;1940;0;0;0
Central African Republic;CAF;1950;0;0;0
Central African Republic;CAF;1960;0;0;0
Central African Republic;CAF;1970;0;0;0
Central African Republic;CAF;1980;0;0;25000
Central African Republic;CAF;1990;0;0;0
Central African Republic;CAF;2000;0;0;0
Central African Republic;CAF;2010;0;0;0
Central African Republic;CAF;2020;0;0;0
Chad;TCD;1900;0;0;0
Chad;TCD;1910;0;0;0
Chad;TCD;1920;0;0;0
Chad;TCD;1930;0;0;0
Chad;TCD;1940;0;0;0
Chad;TCD;1950;0;0;0
Chad;TCD;1960;0;0;8300000
Chad;TCD;1970;0;0;0
Chad;TCD;1980;0;0;31400
Chad;TCD;1990;0;0;0
Chad;TCD;2000;0;0;200000
Chad;TCD;2010;0;0;2000000
Chad;TCD;2020;0;0;0
Chile;CHL;1900;0;0;20000000
Chile;CHL;1910;0;0;0
Chile;CHL;1920;0;0;0
Chile;CHL;1930;0;0;184000000
Chile;CHL;1940;0;0;28840000
Chile;CHL;1950;0;0;103482000
Chile;CHL;1960;0;0;142580000
Chile;CHL;1970;0;0;51140000
Chile;CHL;1980;0;18000000;339240000
Chile;CHL;1990;600000;6800000;159412000
Chile;CHL;2000;0;8000000;91380000
Chile;CHL;2010;0;1806000000;7037820000
Chile;CHL;2020;0;0;116666664
China;CHN;1900;0;0;0
China;CHN;1910;0;0;0
China;CHN;1920;0;0;5000000
China;CHN;1930;0;0;280000000
China;CHN;1940;0;0;0
China;CHN;1950;0;0;0
China;CHN;1960;0;0;11011800
China;CHN;1970;0;0;1120000000
China;CHN;1980;0;0;2584362200
China;CHN;1990;0;83880000;23189334500
China;CHN;2000;0;488400000;36189527800
China;CHN;2010;0;1030800000;45402247600
China;CHN;2020;0;566666680;36106333040
Colombia;COL;1900;0;0;0
Colombia;COL;1910;0;0;0
Colombia;COL;1920;0;0;0
Colombia;COL;1930;0;0;0
Colombia;COL;1940;0;0;0
Colombia;COL;1950;0;0;1000000
Colombia;COL;1960;0;0;5730000
Colombia;COL;1970;0;0;33450000
Colombia;COL;1980;0;0;294680000
Colombia;COL;1990;0;20000000;392733800
Colombia;COL;2000;0;0;4000000
Colombia;COL;2010;0;11000000;708000000
Colombia;COL;2020;0;0;106666667
Comoros;COM;1900;0;0;0
Comoros;COM;1910;0;0;0
Comoros;COM;1920;0;0;0
Comoros;COM;1930;0;0;0
Comoros;COM;1940;0;0;0
Comoros;COM;1950;0;0;0
Comoros;COM;1960;0;0;2711800
Comoros;COM;1970;0;0;0
Comoros;COM;1980;0;0;102849500
Comoros;COM;1990;0;0;1399030000
Comoros;COM;2000;0;0;875011500
Comoros;COM;2010;0;0;1164600000
Comoros;COM;2020;0;0;2700000000
Congo;COG;1900;0;0;0
Congo;COG;1910;0;0;0
Congo;COG;1920;0;0;0
Congo;COG;1930;0;0;0
Congo;COG;1940;0;0;0
Congo;COG;1950;0;0;0
Congo;COG;1960;0;0;0
Congo;COG;1970;0;0;0
Congo;COG;1980;0;0;0
Congo;COG;1990;0;0;11800
Congo;COG;2000;0;0;0
Congo;COG;2010;0;0;0
Congo;COG;2020;0;0;0
Cook Islands;COK;1900;0;0;0
Cook Islands;COK;1910;0;0;0
Cook Islands;COK;1920;0;0;0
Cook Islands;COK;1930;0;0;0
Cook Islands;COK;1940;0;0;0
Cook Islands;COK;1950;0;0;0
Cook Islands;COK;1960;0;0;0
Cook Islands;COK;1970;0;0;0
Cook Islands;COK;1980;0;0;5000000
Cook Islands;COK;1990;0;0;0
Cook Islands;COK;2000;0;0;0
Cook Islands;COK;2010;0;0;0
Cook Islands;COK;2020;0;0;0
Costa Rica;CRI;1900;0;0;0
Costa Rica;CRI;1910;0;0;0
Costa Rica;CRI;1920;0;0;0
Costa Rica;CRI;1930;0;0;0
Costa Rica;CRI;1940;0;0;0
Costa Rica;CRI;1950;0;0;0
Costa Rica;CRI;1960;0;0;1800000
Costa Rica;CRI;1970;0;0;6040000
Costa Rica;CRI;1980;0;0;15000000
Costa Rica;CRI;1990;0;0;136578000
Costa Rica;CRI;2000;0;20000000;69600000
Costa Rica;CRI;2010;0;6400000;46000000
Costa Rica;CRI;2020;0;0;0
Cote d'Ivoire;CIV;1900;0;0;0
Cote d'Ivoire;CIV;1910;0;0;0
Cote d'Ivoire;CIV;1920;0;0;0
Cote d'Ivoire;CIV;1930;0;0;0
Cote d'Ivoire;CIV;1940;0;0;0
Cote d'Ivoire;CIV;1950;0;0;0
Cote d'Ivoire;CIV;1960;0;0;0
Cote d'Ivoire;CIV;1970;0;0;0
Cote d'Ivoire;CIV;1980;0;0;0
Cote d'Ivoire;CIV;1990;0;0;0
Cote d'Ivoire;CIV;2000;0;0;0
Cote d'Ivoire;CIV;2010;0;0;0
Cote d'Ivoire;CIV;2020;0;0;0
Croatia;HRV;1900;0;0;0
Croatia;HRV;1910;0;0;0
Croatia;HRV;1920;0;0;0
Croatia;HRV;1930;0;0;0
Croatia;HRV;1940;0;0;0
Croatia;HRV;1950;0;0;0
Croatia;HRV;1960;0;0;0
Croatia;HRV;1970;0;0;0
Croatia;HRV;1980;0;0;0
Croatia;HRV;1990;0;0;2400000
Croatia;HRV;2000;0;0;88550000
Croatia;HRV;2010;0;1200000;48200000
Croatia;HRV;2020;6300000000;0;8682266600
Cuba;CUB;1900;0;0;0
Cuba;CUB;1910;0;0;0
Cuba;CUB;1920;0;0;0
Cuba;CUB;1930;0;0;0
Cuba;CUB;1940;0;0;3600000
Cuba;CUB;1950;0;0;0
Cuba;CUB;1960;0;0;103600000
Cuba;CUB;1970;0;0;0
Cuba;CUB;1980;0;0;29000000
Cuba;CUB;1990;0;3000000;669911600
Cuba;CUB;2000;0;5400000;1503913900
Cuba;CUB;2010;0;40000000;628000000
Cuba;CUB;2020;0;0;66666668
Cyprus;CYP;1900;0;0;0
Cyprus;CYP;1910;0;0;0
Cyprus;CYP;1920;0;0;0
Cyprus;CYP;1930;0;0;0
Cyprus;CYP;1940;0;0;0
Cyprus;CYP;1950;0;0;0
Cyprus;CYP;1960;0;0;20000
Cyprus;CYP;1970;0;0;0
Cyprus;CYP;1980;0;0;0
Cyprus;CYP;1990;0;0;868000
Cyprus;CYP;2000;0;1200000;35000000
Cyprus;CYP;2010;0;0;0
Cyprus;CYP;2020;0;0;31333334
Czechia;CZE;1900;0;0;0
Czechia;CZE;1910;0;0;0
Czechia;CZE;1920;0;0;0
Czechia;CZE;1930;0;0;0
Czechia;CZE;1940;0;0;0
Czechia;CZE;1950;0;0;0
Czechia;CZE;1960;0;0;0
Czechia;CZE;1970;0;0;0
Czechia;CZE;1980;0;0;0
Czechia;CZE;1990;0;65600000;405600000
Czechia;CZE;2000;0;261200000;570313900
Czechia;CZE;2010;0;77173200;235802400
Czechia;CZE;2020;0;0;467333340
Democratic Republic of Congo;COD;1900;0;0;0
Democratic Republic of Congo;COD;1910;0;0;0
Democratic Republic of Congo;COD;1920;0;0;0
Democratic Republic of Congo;COD;1930;0;0;0
Democratic Republic of Congo;COD;1940;0;0;0
Democratic Republic of Congo;COD;1950;0;0;0
Democratic Republic of Congo;COD;1960;0;0;40000
Democratic Republic of Congo;COD;1970;0;0;0
Democratic Republic of Congo;COD;1980;0;0;0
Democratic Republic of Congo;COD;1990;0;0;0
Democratic Republic of Congo;COD;2000;0;0;3200000
Democratic Republic of Congo;COD;2010;0;0;3000000
Democratic Republic of Congo;COD;2020;0;0;0
Denmark;DNK;1900;0;0;0
Denmark;DNK;1910;0;0;0
Denmark;DNK;1920;0;0;0
Denmark;DNK;1930;0;0;0
Denmark;DNK;1940;0;0;0
Denmark;DNK;1950;0;0;0
Denmark;DNK;1960;0;0;0
Denmark;DNK;1970;0;0;0
Denmark;DNK;1980;0;0;50000000
Denmark;DNK;1990;0;438000000;634157800
Denmark;DNK;2000;0;180000000;280000000
Denmark;DNK;2010;0;0;0
Denmark;DNK;2020;0;0;0
Djibouti;DJI;1900;0;0;0
Djibouti;DJI;1910;0;0;0
Djibouti;DJI;1920;0;0;0
Djibouti;DJI;1930;0;0;0
Djibouti;DJI;1940;0;0;0
Djibouti;DJI;1950;0;0;0
Djibouti;DJI;1960;0;0;0
Djibouti;DJI;1970;0;0;500000
Djibouti;DJI;1980;0;0;220000
Djibouti;DJI;1990;0;0;423800
Djibouti;DJI;2000;0;0;0
Djibouti;DJI;2010;0;0;0
Djibouti;DJI;2020;0;0;0
Dominica;DMA;1900;0;0;0
Dominica;DMA;1910;0;0;0
Dominica;DMA;1920;0;0;0
Dominica;DMA;1930;0;0;0
Dominica;DMA;1940;0;0;0
Dominica;DMA;1950;0;0;0
Dominica;DMA;1960;0;0;520000
Dominica;DMA;1970;0;0;8930000
Dominica;DMA;1980;0;0;4400000
Dominica;DMA;1990;13000000;0;114170000
Dominica;DMA;2000;0;2000000;4000000
Dominica;DMA;2010;0;3860000;387762000
Dominica;DMA;2020;0;0;0
Dominican Republic;DOM;1900;0;0;0
Dominican Republic;DOM;1910;0;0;0
Dominican Republic;DOM;1920;0;0;0
Dominican Republic;DOM;1930;0;0;8000000
Dominican Republic;DOM;1940;0;0;0
Dominican Republic;DOM;1950;0;0;0
Dominican Republic;DOM;1960;0;0;13900000
Dominican Republic;DOM;1970;0;0;30000000
Dominican Republic;DOM;1980;0;0;14140000
Dominican Republic;DOM;1990;0;80000000;396300000
Dominican Republic;DOM;2000;0;6000000;111466600
Dominican Republic;DOM;2010;0;0;24620400
Dominican Republic;DOM;2020;0;0;110000000
Ecuador;ECU;1900;0;0;0
Ecuador;ECU;1910;0;0;0
Ecuador;ECU;1920;0;0;0
Ecuador;ECU;1930;0;0;0
Ecuador;ECU;1940;0;0;4500000
Ecuador;ECU;1950;0;0;0
Ecuador;ECU;1960;0;0;1320000
Ecuador;ECU;1970;0;0;5714000
Ecuador;ECU;1980;0;0;349420000
Ecuador;ECU;1990;0;3500000;159600000
Ecuador;ECU;2000;0;0;236125000
Ecuador;ECU;2010;668800000;112000000;402000000
Ecuador;ECU;2020;0;0;33333334
Egypt;EGY;1900;0;0;0
Egypt;EGY;1910;0;0;0
Egypt;EGY;1920;0;0;0
Egypt;EGY;1930;0;0;0
Egypt;EGY;1940;0;0;0
Egypt;EGY;1950;0;0;0
Egypt;EGY;1960;0;0;0
Egypt;EGY;1970;0;0;2800000
Egypt;EGY;1980;0;0;0
Egypt;EGY;1990;0;0;268400000
Egypt;EGY;2000;0;0;0
Egypt;EGY;2010;0;0;25000000
Egypt;EGY;2020;0;0;50666668
El Salvador;SLV;1900;0;0;0
El Salvador;SLV;1910;0;0;0
El Salvador;SLV;1920;0;0;0
El Salvador;SLV;1930;0;0;0
El Salvador;SLV;1940;0;0;0
El Salvador;SLV;1950;0;0;4600000
El Salvador;SLV;1960;0;0;7320000
El Salvador;SLV;1970;0;0;0
El Salvador;SLV;1980;0;45000000;357000000
El Salvador;SLV;1990;0;0;95022000
El Salvador;SLV;2000;0;58000000;633750000
El Salvador;SLV;2010;0;0;217700000
El Salvador;SLV;2020;0;0;158000000
Eritrea;ERI;1900;0;0;0
Eritrea;ERI;1910;0;0;0
Eritrea;ERI;1920;0;0;0
Eritrea;ERI;1930;0;0;0
Eritrea;ERI;1940;0;0;0
Eritrea;ERI;1950;0;0;0
Eritrea;ERI;1960;0;0;0
Eritrea;ERI;1970;0;0;0
Eritrea;ERI;1980;0;0;0
Eritrea;ERI;1990;0;0;1033000
Eritrea;ERI;2000;0;0;0
Eritrea;ERI;2010;0;0;0
Eritrea;ERI;2020;0;0;0
Estonia;EST;1900;0;0;0
Estonia;EST;1910;0;0;0
Estonia;EST;1920;0;0;0
Estonia;EST;1930;0;0;0
Estonia;EST;1940;0;0;0
Estonia;EST;1950;0;0;0
Estonia;EST;1960;0;0;0
Estonia;EST;1970;0;0;0
Estonia;EST;1980;0;0;0
Estonia;EST;1990;0;0;17100000
Estonia;EST;2000;0;5200000;30940000
Estonia;EST;2010;0;0;13700000
Estonia;EST;2020;0;0;0
Eswatini;SWZ;1900;0;0;0
Eswatini;SWZ;1910;0;0;0
Eswatini;SWZ;1920;0;0;0
Eswatini;SWZ;1930;0;0;0
Eswatini;SWZ;1940;0;0;0
Eswatini;SWZ;1950;0;0;0
Eswatini;SWZ;1960;0;0;0
Eswatini;SWZ;1970;0;0;0
Eswatini;SWZ;1980;0;0;10830400
Eswatini;SWZ;1990;0;0;173900
Eswatini;SWZ;2000;0;0;10000
Eswatini;SWZ;2010;0;0;0
Eswatini;SWZ;2020;0;0;0
Ethiopia;ETH;1900;0;0;0
Ethiopia;ETH;1910;0;0;0
Ethiopia;ETH;1920;0;0;0
Ethiopia;ETH;1930;0;0;0
Ethiopia;ETH;1940;0;0;0
Ethiopia;ETH;1950;0;0;0
Ethiopia;ETH;1960;0;0;348000
Ethiopia;ETH;1970;0;0;7600000
Ethiopia;ETH;1980;0;0;0
Ethiopia;ETH;1990;0;0;2900000
Ethiopia;ETH;2000;0;0;1880000
Ethiopia;ETH;2010;0;0;140447200
Ethiopia;ETH;2020;0;0;213333330
Fiji;FJI;1900;0;0;0
Fiji;FJI;1910;0;0;0
Fiji;FJI;1920;0;0;0
Fiji;FJI;1930;0;0;0
Fiji;FJI;1940;0;0;0
Fiji;FJI;1950;0;0;400000
Fiji;FJI;1960;0;0;320000
Fiji;FJI;1970;0;0;12300000
Fiji;FJI;1980;0;13680000;40901400
Fiji;FJI;1990;0;0;29980000
Fiji;FJI;2000;0;0;31739800
Fiji;FJI;2010;0;10000000;299365400
Fiji;FJI;2020;0;0;246079996
Finland;FIN;1900;0;0;0
Finland;FIN;1910;0;0;0
Finland;FIN;1920;0;0;0
Finland;FIN;1930;0;0;0
Finland;FIN;1940;0;0;0
Finland;FIN;1950;0;0;0
Finland;FIN;1960;0;0;0
Finland;FIN;1970;0;0;0
Finland;FIN;1980;0;0;515500000
Finland;FIN;1990;0;0;1172860000
Finland;FIN;2000;0;0;319770900
Finland;FIN;2010;0;0;772000000
Finland;FIN;2020;0;0;0
France;FRA;1900;0;0;0
France;FRA;1910;0;0;0
France;FRA;1920;0;0;0
France;FRA;1930;0;0;0
France;FRA;1940;0;0;0
France;FRA;1950;0;0;0
France;FRA;1960;0;0;4000000
France;FRA;1970;0;0;0
France;FRA;1980;0;26460000;1307400000
France;FRA;1990;490000000;1564900000;4611620000
France;FRA;2000;0;737600000;2402050900
France;FRA;2010;0;1251000000;2763200000
France;FRA;2020;0;0;4435333206
French Guiana;GUF;1900;0;0;0
French Guiana;GUF;1910;0;0;0
French Guiana;GUF;1920;0;0;0
French Guiana;GUF;1930;0;0;0
French Guiana;GUF;1940;0;0;0
French Guiana;GUF;1950;0;0;0
French Guiana;GUF;1960;0;0;0
French Guiana;GUF;1970;0;0;0
French Guiana;GUF;1980;0;0;3000000
French Guiana;GUF;1990;0;0;0
French Guiana;GUF;2000;0;0;0
French Guiana;GUF;2010;0;0;0
French Guiana;GUF;2020;0;0;0
French Polynesia;PYF;1900;0;0;0
French Polynesia;PYF;1910;0;0;0
French Polynesia;PYF;1920;0;0;0
French Polynesia;PYF;1930;0;0;0
French Polynesia;PYF;1940;0;0;0
French Polynesia;PYF;1950;0;0;0
French Polynesia;PYF;1960;0;0;0
French Polynesia;PYF;1970;0;0;0
French Polynesia;PYF;1980;0;0;7400000
French Polynesia;PYF;1990;0;0;0
French Polynesia;PYF;2000;0;0;0
French Polynesia;PYF;2010;0;0;2600000
French Polynesia;PYF;2020;0;0;0
Gabon;GAB;1900;0;0;0
Gabon;GAB;1910;0;0;0
Gabon;GAB;1920;0;0;0
Gabon;GAB;1930;0;0;0
Gabon;GAB;1940;0;0;0
Gabon;GAB;1950;0;0;0
Gabon;GAB;1960;0;0;0
Gabon;GAB;1970;0;0;0
Gabon;GAB;1980;0;0;160000000
Gabon;GAB;1990;0;0;1000000
Gabon;GAB;2000;0;0;0
Gabon;GAB;2010;0;0;0
Gabon;GAB;2020;0;0;0
Gambia;GMB;1900;0;0;0
Gambia;GMB;1910;0;0;0
Gambia;GMB;1920;0;0;0
Gambia;GMB;1930;0;0;0
Gambia;GMB;1940;0;0;0
Gambia;GMB;1950;0;0;0
Gambia;GMB;1960;0;0;70000
Gambia;GMB;1970;0;0;0
Gambia;GMB;1980;0;0;0
Gambia;GMB;1990;0;0;0
Gambia;GMB;2000;0;0;0
Gambia;GMB;2010;0;0;0
Gambia;GMB;2020;0;0;0
Georgia;GEO;1900;0;0;0
Georgia;GEO;1910;0;0;0
Georgia;GEO;1920;0;0;0
Georgia;GEO;1930;0;0;0
Georgia;GEO;1940;0;0;0
Georgia;GEO;1950;0;0;0
Georgia;GEO;1960;0;0;0
Georgia;GEO;1970;0;0;0
Georgia;GEO;1980;0;0;0
Georgia;GEO;1990;0;0;6340000
Georgia;GEO;2000;0;0;90431200
Georgia;GEO;2010;0;0;23400000
Georgia;GEO;2020;0;0;0
Germany;DEU;1900;0;0;0
Germany;DEU;1910;0;0;0
Germany;DEU;1920;0;0;0
Germany;DEU;1930;0;0;0
Germany;DEU;1940;0;0;0
Germany;DEU;1950;0;0;0
Germany;DEU;1960;0;0;0
Germany;DEU;1970;0;0;0
Germany;DEU;1980;0;0;0
Germany;DEU;1990;0;859660000;2040026000
Germany;DEU;2000;0;1627600000;5020400000
Germany;DEU;2010;0;1554000000;4517494900
Germany;DEU;2020;0;6466666400;26666666000
Ghana;GHA;1900;0;0;0
Ghana;GHA;1910;0;0;0
Ghana;GHA;1920;0;0;0
Ghana;GHA;1930;0;0;0
Ghana;GHA;1940;0;0;0
Ghana;GHA;1950;0;0;0
Ghana;GHA;1960;0;0;15010000
Ghana;GHA;1970;0;0;10000
Ghana;GHA;1980;0;0;0
Ghana;GHA;1990;0;0;6700000
Ghana;GHA;2000;0;0;0
Ghana;GHA;2010;0;0;2400000
Ghana;GHA;2020;0;0;0
Greece;GRC;1900;0;0;0
Greece;GRC;1910;0;0;0
Greece;GRC;1920;0;0;0
Greece;GRC;1930;0;0;0
Greece;GRC;1940;0;0;0
Greece;GRC;1950;0;0;20630000
Greece;GRC;1960;0;0;6320000
Greece;GRC;1970;0;0;55600000
Greece;GRC;1980;0;0;400000000
Greece;GRC;1990;0;40000;1369080000
Greece;GRC;2000;0;0;559731800
Greece;GRC;2010;0;1600000;136800000
Greece;GRC;2020;0;0;433333333
Grenada;GRD;1900;0;0;0
Grenada;GRD;1910;0;0;0
Grenada;GRD;1920;0;0;0
Grenada;GRD;1930;0;0;0
Grenada;GRD;1940;0;0;0
Grenada;GRD;1950;0;0;0
Grenada;GRD;1960;0;0;0
Grenada;GRD;1970;0;0;940000
Grenada;GRD;1980;0;0;1060000
Grenada;GRD;1990;0;0;1100000
Grenada;GRD;2000;0;0;177800000
Grenada;GRD;2010;0;0;0
Grenada;GRD;2020;0;0;0
Guadeloupe;GLP;1900;0;0;0
Guadeloupe;GLP;1910;0;0;0
Guadeloupe;GLP;1920;0;0;0
Guadeloupe;GLP;1930;0;0;0
Guadeloupe;GLP;1940;0;0;0
Guadeloupe;GLP;1950;0;0;0
Guadeloupe;GLP;1960;0;0;14000000
Guadeloupe;GLP;1970;0;0;20010000
Guadeloupe;GLP;1980;0;0;10000000
Guadeloupe;GLP;1990;0;0;11000000
Guadeloupe;GLP;2000;0;25000000;60000000
Guadeloupe;GLP;2010;0;0;24000000
Guadeloupe;GLP;2020;0;0;0
Guam;GUM;1900;0;0;0
Guam;GUM;1910;0;0;0
Guam;GUM;1920;0;0;0
Guam;GUM;1930;0;0;0
Guam;GUM;1940;0;0;0
Guam;GUM;1950;0;0;0
Guam;GUM;1960;0;0;50000000
Guam;GUM;1970;0;0;24000000
Guam;GUM;1980;0;0;29000
Guam;GUM;1990;0;10000000;224000000
Guam;GUM;2000;0;0;26200000
Guam;GUM;2010;0;0;0
Guam;GUM;2020;0;0;0
Guatemala;GTM;1900;0;0;5000000
Guatemala;GTM;1910;0;0;0
Guatemala;GTM;1920;0;0;0
Guatemala;GTM;1930;0;0;0
Guatemala;GTM;1940;0;0;3000000
Guatemala;GTM;1950;0;0;0
Guatemala;GTM;1960;0;0;3000000
Guatemala;GTM;1970;0;0;200500000
Guatemala;GTM;1980;0;0;20000000
Guatemala;GTM;1990;0;0;150900000
Guatemala;GTM;2000;0;0;199110000
Guatemala;GTM;2010;195000000;0;300249500
Guatemala;GTM;2020;0;0;257333328
Guinea;GIN;1900;0;0;0
Guinea;GIN;1910;0;0;0
Guinea;GIN;1920;0;0;0
Guinea;GIN;1930;0;0;0
Guinea;GIN;1940;0;0;0
Guinea;GIN;1950;0;0;0
Guinea;GIN;1960;0;0;0
Guinea;GIN;1970;0;0;0
Guinea;GIN;1980;0;0;1600000
Guinea;GIN;1990;0;0;0
Guinea;GIN;2000;0;0;0
Guinea;GIN;2010;0;0;0
Guinea;GIN;2020;0;0;0
Guinea-Bissau;GNB;1900;0;0;0
Guinea-Bissau;GNB;1910;0;0;0
Guinea-Bissau;GNB;1920;0;0;0
Guinea-Bissau;GNB;1930;0;0;0
Guinea-Bissau;GNB;1940;0;0;0
Guinea-Bissau;GNB;1950;0;0;0
Guinea-Bissau;GNB;1960;0;0;0
Guinea-Bissau;GNB;1970;0;0;0
Guinea-Bissau;GNB;1980;0;0;0
Guinea-Bissau;GNB;1990;0;0;0
Guinea-Bissau;GNB;2000;0;0;0
Guinea-Bissau;GNB;2010;0;0;0
Guinea-Bissau;GNB;2020;0;0;0
Guyana;GUY;1900;0;0;0
Guyana;GUY;1910;0;0;0
Guyana;GUY;1920;0;0;0
Guyana;GUY;1930;0;0;0
Guyana;GUY;1940;0;0;0
Guyana;GUY;1950;0;0;0
Guyana;GUY;1960;0;0;0
Guyana;GUY;1970;0;0;40000
Guyana;GUY;1980;0;0;0
Guyana;GUY;1990;0;0;3900000
Guyana;GUY;2000;0;0;128220000
Guyana;GUY;2010;0;0;15936900
Guyana;GUY;2020;0;0;0
Haiti;HTI;1900;0;0;0
Haiti;HTI;1910;0;0;0
Haiti;HTI;1920;0;0;0
Haiti;HTI;1930;0;0;0
Haiti;HTI;1940;0;0;0
Haiti;HTI;1950;0;0;4000000
Haiti;HTI;1960;0;0;42100000
Haiti;HTI;1970;0;0;191800
Haiti;HTI;1980;0;0;98257200
Haiti;HTI;1990;0;0;46020000
Haiti;HTI;2000;0;0;20504000
Haiti;HTI;2010;2300000000;40032400;2059800000
Haiti;HTI;2020;1318708600;0;1080047400
Honduras;HND;1900;0;0;0
Honduras;HND;1910;0;0;0
Honduras;HND;1920;0;0;0
Honduras;HND;1930;0;0;0
Honduras;HND;1940;0;0;0
Honduras;HND;1950;0;0;0
Honduras;HND;1960;0;0;3900000
Honduras;HND;1970;0;0;111500000
Honduras;HND;1980;0;0;20200000
Honduras;HND;1990;0;30000000;813080000
Honduras;HND;2000;0;0;71015800
Honduras;HND;2010;0;0;19750000
Honduras;HND;2020;0;0;0
Hong Kong;HKG;1900;0;0;4000000
Hong Kong;HKG;1910;0;0;0
Hong Kong;HKG;1920;0;0;0
Hong Kong;HKG;1930;0;0;0
Hong Kong;HKG;1940;0;0;0
Hong Kong;HKG;1950;0;0;0
Hong Kong;HKG;1960;0;0;1700000
Hong Kong;HKG;1970;0;0;2000000
Hong Kong;HKG;1980;0;0;2530600
Hong Kong;HKG;1990;0;0;105882000
Hong Kong;HKG;2000;0;0;76000
Hong Kong;HKG;2010;0;0;159700000
Hong Kong;HKG;2020;0;0;0
Hungary;HUN;1900;0;0;0
Hungary;HUN;1910;0;0;0
Hungary;HUN;1920;0;0;0
Hungary;HUN;1930;0;0;0
Hungary;HUN;1940;0;0;0
Hungary;HUN;1950;0;0;0
Hungary;HUN;1960;0;0;65500000
Hungary;HUN;1970;0;0;317000000
Hungary;HUN;1980;0;0;1346500000
Hungary;HUN;1990;0;2200000;1673440000
Hungary;HUN;2000;0;1000000;908970900
Hungary;HUN;2010;0;0;4709300000
Hungary;HUN;2020;0;0;5500000000
Iceland;ISL;1900;0;0;0
Iceland;ISL;1910;0;0;0
Iceland;ISL;1920;0;0;0
Iceland;ISL;1930;0;0;0
Iceland;ISL;1940;0;0;0
Iceland;ISL;1950;0;0;0
Iceland;ISL;1960;0;0;0
Iceland;ISL;1970;0;0;5640000
Iceland;ISL;1980;0;0;0
Iceland;ISL;1990;0;0;5457800
Iceland;ISL;2000;0;0;4800000
Iceland;ISL;2010;0;0;0
Iceland;ISL;2020;0;0;0
India;IND;1900;0;0;5000000
India;IND;1910;0;0;0
India;IND;1920;0;0;0
India;IND;1930;0;0;0
India;IND;1940;0;0;0
India;IND;1950;0;0;4000000
India;IND;1960;0;0;31806000
India;IND;1970;0;0;553910000
India;IND;1980;0;0;1183232600
India;IND;1990;0;74240000;3627236400
India;IND;2000;0;312600000;4602984800
India;IND;2010;0;592600000;11555415200
India;IND;2020;0;533333340;22826666400
Indonesia;IDN;1900;0;0;0
Indonesia;IDN;1910;0;0;0
Indonesia;IDN;1920;0;0;0
Indonesia;IDN;1930;0;0;0
Indonesia;IDN;1940;0;0;0
Indonesia;IDN;1950;0;0;0
Indonesia;IDN;1960;0;0;8206200
Indonesia;IDN;1970;0;0;56030000
Indonesia;IDN;1980;0;0;137677600
Indonesia;IDN;1990;0;10000000;2148710400
Indonesia;IDN;2000;0;204208200;2524633400
Indonesia;IDN;2010;320000000;64000000;1951770000
Indonesia;IDN;2020;0;200000000;632000010
Iran;IRN;1900;0;0;0
Iran;IRN;1910;0;0;0
Iran;IRN;1920;0;0;0
Iran;IRN;1930;0;0;0
Iran;IRN;1940;0;0;0
Iran;IRN;1950;0;0;4000000
Iran;IRN;1960;0;0;17200000
Iran;IRN;1970;0;0;11800000
Iran;IRN;1980;0;80000;552800000
Iran;IRN;1990;600000;23000000;3163166000
Iran;IRN;2000;0;11800000;264173200
Iran;IRN;2010;0;40000000;1163200000
Iran;IRN;2020;0;0;1916666664
Iraq;IRQ;1900;0;0;0
Iraq;IRQ;1910;0;0;0
Iraq;IRQ;1920;0;0;0
Iraq;IRQ;1930;0;0;0
Iraq;IRQ;1940;0;0;0
Iraq;IRQ;1950;0;0;10000000
Iraq;IRQ;1960;0;0;11800000
Iraq;IRQ;1970;0;0;30000000
Iraq;IRQ;1980;0;0;0
Iraq;IRQ;1990;0;0;54240000
Iraq;IRQ;2000;0;0;150132200
Iraq;IRQ;2010;0;0;410000000
Iraq;IRQ;2020;0;0;76000000
Ireland;IRL;1900;0;0;0
Ireland;IRL;1910;0;0;0
Ireland;IRL;1920;0;0;0
Ireland;IRL;1930;0;0;0
Ireland;IRL;1940;0;0;0
Ireland;IRL;1950;0;0;0
Ireland;IRL;1960;0;0;0
Ireland;IRL;1970;0;0;7120000
Ireland;IRL;1980;0;0;0
Ireland;IRL;1990;0;6000000;59410000
Ireland;IRL;2000;0;9400000;20100000
Ireland;IRL;2010;0;33000000;65000000
Ireland;IRL;2020;0;0;0
Isle of Man;IMN;1900;0;0;0
Isle of Man;IMN;1910;0;0;0
Isle of Man;IMN;1920;0;0;0
Isle of Man;IMN;1930;0;0;0
Isle of Man;IMN;1940;0;0;0
Isle of Man;IMN;1950;0;0;0
Isle of Man;IMN;1960;0;0;0
Isle of Man;IMN;1970;0;0;0
Isle of Man;IMN;1980;0;0;0
Isle of Man;IMN;1990;0;0;330000000
Isle of Man;IMN;2000;0;0;0
Isle of Man;IMN;2010;0;0;0
Isle of Man;IMN;2020;0;0;0
Israel;ISR;1900;0;0;0
Israel;ISR;1910;0;0;0
Israel;ISR;1920;0;0;0
Israel;ISR;1930;0;0;0
Israel;ISR;1940;0;0;0
Israel;ISR;1950;0;0;0
Israel;ISR;1960;0;0;200000
Israel;ISR;1970;0;0;0
Israel;ISR;1980;0;0;0
Israel;ISR;1990;0;30500000;134500000
Israel;ISR;2000;0;0;550000
Israel;ISR;2010;0;0;158000000
Israel;ISR;2020;0;0;386666660
Italy;ITA;1900;0;0;23200000
Italy;ITA;1910;0;0;12000000
Italy;ITA;1920;0;0;0
Italy;ITA;1930;0;0;1000000
Italy;ITA;1940;0;0;0
Italy;ITA;1950;0;0;60000000
Italy;ITA;1960;0;0;450000000
Italy;ITA;1970;0;0;977620000
Italy;ITA;1980;0;0;4538840000
Italy;ITA;1990;0;3420000;3543682000
Italy;ITA;2000;0;144000000;3789890400
Italy;ITA;2010;0;603800000;5839420100
Italy;ITA;2020;0;0;126000000
Jamaica;JAM;1900;0;0;6000000
Jamaica;JAM;1910;0;0;0
Jamaica;JAM;1920;0;0;0
Jamaica;JAM;1930;0;0;400000
Jamaica;JAM;1940;0;0;0
Jamaica;JAM;1950;0;0;11200000
Jamaica;JAM;1960;0;0;2355000
Jamaica;JAM;1970;0;0;340000
Jamaica;JAM;1980;0;0;235328000
Jamaica;JAM;1990;0;0;9000000
Jamaica;JAM;2000;0;73000000;275043000
Jamaica;JAM;2010;0;0;33308400
Jamaica;JAM;2020;0;0;0
Japan;JPN;1900;0;0;0
Japan;JPN;1910;0;0;18000000
Japan;JPN;1920;0;0;130000000
Japan;JPN;1930;0;0;10000000
Japan;JPN;1940;0;0;296000000
Japan;JPN;1950;0;0;120000000
Japan;JPN;1960;0;1000000;237780000
Japan;JPN;1970;0;400000;529800000
Japan;JPN;1980;0;20440000;600900000
Japan;JPN;1990;0;2790560000;25593560000
Japan;JPN;2000;0;3216000000;15529600000
Japan;JPN;2010;0;15601780000;60473560000
Japan;JPN;2020;0;4200000000;16933332736
Jordan;JOR;1900;0;0;0
Jordan;JOR;1910;0;0;0
Jordan;JOR;1920;0;0;0
Jordan;JOR;1930;0;0;0
Jordan;JOR;1940;0;0;0
Jordan;JOR;1950;0;0;0
Jordan;JOR;1960;0;0;480000
Jordan;JOR;1970;0;0;0
Jordan;JOR;1980;0;0;0
Jordan;JOR;1990;0;0;160200000
Jordan;JOR;2000;0;0;0
Jordan;JOR;2010;0;0;349000000
Jordan;JOR;2020;0;0;0
Kazakhstan;KAZ;1900;0;0;0
Kazakhstan;KAZ;1910;0;0;0
Kazakhstan;KAZ;1920;0;0;0
Kazakhstan;KAZ;1930;0;0;0
Kazakhstan;KAZ;1940;0;0;0
Kazakhstan;KAZ;1950;0;0;0
Kazakhstan;KAZ;1960;0;0;50000
Kazakhstan;KAZ;1970;0;0;0
Kazakhstan;KAZ;1980;0;0;0
Kazakhstan;KAZ;1990;0;0;7906400
Kazakhstan;KAZ;2000;0;0;28432400
Kazakhstan;KAZ;2010;0;0;21375200
Kazakhstan;KAZ;2020;0;0;0
Kenya;KEN;1900;0;0;0
Kenya;KEN;1910;0;0;0
Kenya;KEN;1920;0;0;0
Kenya;KEN;1930;0;0;0
Kenya;KEN;1940;0;0;0
Kenya;KEN;1950;0;0;0
Kenya;KEN;1960;0;0;10000
Kenya;KEN;1970;0;0;2150000
Kenya;KEN;1980;0;0;0
Kenya;KEN;1990;0;0;2360000
Kenya;KEN;2000;0;0;20107600
Kenya;KEN;2010;38800000;200000;97200000
Kenya;KEN;2020;0;0;86666664
Kiribati;KIR;1900;0;0;0
Kiribati;KIR;1910;0;0;0
Kiribati;KIR;1920;0;0;0
Kiribati;KIR;1930;0;0;0
Kiribati;KIR;1940;0;0;0
Kiribati;KIR;1950;0;0;0
Kiribati;KIR;1960;0;0;0
Kiribati;KIR;1970;0;0;0
Kiribati;KIR;1980;0;0;0
Kiribati;KIR;1990;0;0;0
Kiribati;KIR;2000;0;0;0
Kiribati;KIR;2010;0;0;0
Kiribati;KIR;2020;0;0;0
Kuwait;KWT;1900;0;0;0
Kuwait;KWT;1910;0;0;0
Kuwait;KWT;1920;0;0;0
Kuwait;KWT;1930;0;0;0
Kuwait;KWT;1940;0;0;0
Kuwait;KWT;1950;0;0;0
Kuwait;KWT;1960;0;0;0
Kuwait;KWT;1970;0;0;0
Kuwait;KWT;1980;0;0;0
Kuwait;KWT;1990;0;0;0
Kuwait;KWT;2000;0;0;0
Kuwait;KWT;2010;0;0;0
Kuwait;KWT;2020;0;0;0
Kyrgyzstan;KGZ;1900;0;0;0
Kyrgyzstan;KGZ;1910;0;0;0
Kyrgyzstan;KGZ;1920;0;0;0
Kyrgyzstan;KGZ;1930;0;0;0
Kyrgyzstan;KGZ;1940;0;0;0
Kyrgyzstan;KGZ;1950;0;0;0
Kyrgyzstan;KGZ;1960;0;0;0
Kyrgyzstan;KGZ;1970;0;0;150000
Kyrgyzstan;KGZ;1980;0;0;0
Kyrgyzstan;KGZ;1990;0;0;40280000
Kyrgyzstan;KGZ;2000;0;0;872000
Kyrgyzstan;KGZ;2010;0;0;2400000
Kyrgyzstan;KGZ;2020;0;0;83333336
Laos;LAO;1900;0;0;0
Laos;LAO;1910;0;0;0
Laos;LAO;1920;0;0;0
Laos;LAO;1930;0;0;0
Laos;LAO;1940;0;0;0
Laos;LAO;1950;0;0;0
Laos;LAO;1960;0;0;3316000
Laos;LAO;1970;0;0;40000
Laos;LAO;1980;0;0;0
Laos;LAO;1990;0;0;65655800
Laos;LAO;2000;0;0;20200000
Laos;LAO;2010;0;0;71210000
Laos;LAO;2020;0;0;80000
Latvia;LVA;1900;0;0;0
Latvia;LVA;1910;0;0;0
Latvia;LVA;1920;0;0;0
Latvia;LVA;1930;0;0;0
Latvia;LVA;1940;0;0;0
Latvia;LVA;1950;0;0;0
Latvia;LVA;1960;0;0;0
Latvia;LVA;1970;0;0;0
Latvia;LVA;1980;0;0;0
Latvia;LVA;1990;0;0;100000
Latvia;LVA;2000;0;8000000;65000000
Latvia;LVA;2010;0;0;0
Latvia;LVA;2020;0;0;0
Lebanon;LBN;1900;0;0;0
Lebanon;LBN;1910;0;0;0
Lebanon;LBN;1920;0;0;0
Lebanon;LBN;1930;0;0;0
Lebanon;LBN;1940;0;0;0
Lebanon;LBN;1950;0;0;0
Lebanon;LBN;1960;0;0;0
Lebanon;LBN;1970;0;0;0
Lebanon;LBN;1980;0;0;2000000
Lebanon;LBN;1990;0;0;31000000
Lebanon;LBN;2000;0;0;0
Lebanon;LBN;2010;0;0;0
Lebanon;LBN;2020;0;0;0
Lesotho;LSO;1900;0;0;0
Lesotho;LSO;1910;0;0;0
Lesotho;LSO;1920;0;0;0
Lesotho;LSO;1930;0;0;0
Lesotho;LSO;1940;0;0;0
Lesotho;LSO;1950;0;0;0
Lesotho;LSO;1960;0;0;100000
Lesotho;LSO;1970;0;0;0
Lesotho;LSO;1980;0;0;0
Lesotho;LSO;1990;0;0;100000
Lesotho;LSO;2000;0;0;0
Lesotho;LSO;2010;0;0;0
Lesotho;LSO;2020;0;0;0
Liberia;LBR;1900;0;0;0
Liberia;LBR;1910;0;0;0
Liberia;LBR;1920;0;0;0
Liberia;LBR;1930;0;0;0
Liberia;LBR;1940;0;0;0
Liberia;LBR;1950;0;0;0
Liberia;LBR;1960;0;0;0
Liberia;LBR;1970;0;0;0
Liberia;LBR;1980;0;0;0
Liberia;LBR;1990;0;0;9400000
Liberia;LBR;2000;0;0;0
Liberia;LBR;2010;0;0;0
Liberia;LBR;2020;0;0;0
Libya;LBY;1900;0;0;0
Libya;LBY;1910;0;0;0
Libya;LBY;1920;0;0;0
Libya;LBY;1930;0;0;0
Libya;LBY;1940;0;0;0
Libya;LBY;1950;0;0;0
Libya;LBY;1960;0;0;1000000
Libya;LBY;1970;0;0;0
Libya;LBY;1980;0;0;0
Libya;LBY;1990;0;0;8440000
Libya;LBY;2000;0;0;0
Libya;LBY;2010;0;0;1420000
Libya;LBY;2020;0;0;0
Lithuania;LTU;1900;0;0;0
Lithuania;LTU;1910;0;0;0
Lithuania;LTU;1920;0;0;0
Lithuania;LTU;1930;0;0;0
Lithuania;LTU;1940;0;0;0
Lithuania;LTU;1950;0;0;0
Lithuania;LTU;1960;0;0;100000
Lithuania;LTU;1970;0;0;0
Lithuania;LTU;1980;0;0;0
Lithuania;LTU;1990;0;0;6310000
Lithuania;LTU;2000;0;1200000;28557300
Lithuania;LTU;2010;0;0;0
Lithuania;LTU;2020;0;0;0
Luxembourg;LUX;1900;0;0;0
Luxembourg;LUX;1910;0;0;0
Luxembourg;LUX;1920;0;0;0
Luxembourg;LUX;1930;0;0;0
Luxembourg;LUX;1940;0;0;0
Luxembourg;LUX;1950;0;0;0
Luxembourg;LUX;1960;0;0;0
Luxembourg;LUX;1970;0;0;0
Luxembourg;LUX;1980;0;0;0
Luxembourg;LUX;1990;0;48000000;83290000
Luxembourg;LUX;2000;0;0;22557300
Luxembourg;LUX;2010;0;26600000;6200000
Luxembourg;LUX;2020;0;0;0
Macao;MAC;1900;0;0;0
Macao;MAC;1910;0;0;0
Macao;MAC;1920;0;0;0
Macao;MAC;1930;0;0;0
Macao;MAC;1940;0;0;0
Macao;MAC;1950;0;0;0
Macao;MAC;1960;0;0;8510000
Macao;MAC;1970;0;0;7650000
Macao;MAC;1980;0;0;0
Macao;MAC;1990;0;0;6720000
Macao;MAC;2000;0;0;5000
Macao;MAC;2010;0;0;438200000
Macao;MAC;2020;0;0;544333300
Madagascar;MDG;1900;0;0;0
Madagascar;MDG;1910;0;0;0
Madagascar;MDG;1920;0;0;0
Madagascar;MDG;1930;0;0;0
Madagascar;MDG;1940;0;0;0
Madagascar;MDG;1950;0;0;0
Madagascar;MDG;1960;0;0;22700000
Madagascar;MDG;1970;0;0;155654000
Madagascar;MDG;1980;0;0;288835400
Madagascar;MDG;1990;0;0;602053900
Madagascar;MDG;2000;0;0;336505700
Madagascar;MDG;2010;0;0;1443439900
Madagascar;MDG;2020;0;0;93333336
Malawi;MWI;1900;0;0;0
Malawi;MWI;1910;0;0;0
Malawi;MWI;1920;0;0;0
Malawi;MWI;1930;0;0;0
Malawi;MWI;1940;0;0;0
Malawi;MWI;1950;0;0;0
Malawi;MWI;1960;0;0;140000
Malawi;MWI;1970;0;0;0
Malawi;MWI;1980;0;0;5600000
Malawi;MWI;1990;0;0;4817800
Malawi;MWI;2000;0;0;1540000
Malawi;MWI;2010;0;0;78000000
Malawi;MWI;2020;0;0;0
Malaysia;MYS;1900;0;0;0
Malaysia;MYS;1910;0;0;0
Malaysia;MYS;1920;0;0;0
Malaysia;MYS;1930;0;0;0
Malaysia;MYS;1940;0;0;0
Malaysia;MYS;1950;0;0;0
Malaysia;MYS;1960;0;0;5320000
Malaysia;MYS;1970;0;0;7400000
Malaysia;MYS;1980;0;0;2300000
Malaysia;MYS;1990;0;0;71000000
Malaysia;MYS;2000;0;0;300200000
Malaysia;MYS;2010;0;0;83600400
Malaysia;MYS;2020;0;0;978026680
Maldives;MDV;1900;0;0;0
Maldives;MDV;1910;0;0;0
Maldives;MDV;1920;0;0;0
Maldives;MDV;1930;0;0;0
Maldives;MDV;1940;0;0;0
Maldives;MDV;1950;0;0;0
Maldives;MDV;1960;0;0;0
Maldives;MDV;1970;0;0;0
Maldives;MDV;1980;0;0;1200000
Maldives;MDV;1990;0;0;6000000
Maldives;MDV;2000;0;0;94020000
Maldives;MDV;2010;0;0;0
Maldives;MDV;2020;0;0;0
Mali;MLI;1900;0;0;0
Mali;MLI;1910;0;0;0
Mali;MLI;1920;0;0;0
Mali;MLI;1930;0;0;0
Mali;MLI;1940;0;0;0
Mali;MLI;1950;0;0;0
Mali;MLI;1960;0;0;0
Mali;MLI;1970;0;0;0
Mali;MLI;1980;0;0;0
Mali;MLI;1990;0;0;0
Mali;MLI;2000;0;0;0
Mali;MLI;2010;0;0;0
Mali;MLI;2020;0;0;0
Marshall Islands;MHL;1900;0;0;0
Marshall Islands;MHL;1910;0;0;0
Marshall Islands;MHL;1920;0;0;0
Marshall Islands;MHL;1930;0;0;0
Marshall Islands;MHL;1940;0;0;0
Marshall Islands;MHL;1950;0;0;0
Marshall Islands;MHL;1960;0;0;0
Marshall Islands;MHL;1970;0;0;0
Marshall Islands;MHL;1980;0;0;0
Marshall Islands;MHL;1990;0;0;0
Marshall Islands;MHL;2000;0;0;0
Marshall Islands;MHL;2010;0;0;490000
Marshall Islands;MHL;2020;0;0;0
Martinique;MTQ;1900;0;0;0
Martinique;MTQ;1910;0;0;0
Martinique;MTQ;1920;0;0;0
Martinique;MTQ;1930;0;0;0
Martinique;MTQ;1940;0;0;0
Martinique;MTQ;1950;0;0;0
Martinique;MTQ;1960;0;0;8000000
Martinique;MTQ;1970;0;0;16200000
Martinique;MTQ;1980;0;0;13600000
Martinique;MTQ;1990;0;0;32002000
Martinique;MTQ;2000;0;25000000;60000000
Martinique;MTQ;2010;0;0;8800000
Martinique;MTQ;2020;0;0;0
Mauritania;MRT;1900;0;0;0
Mauritania;MRT;1910;0;0;0
Mauritania;MRT;1920;0;0;0
Mauritania;MRT;1930;0;0;0
Mauritania;MRT;1940;0;0;0
Mauritania;MRT;1950;0;0;0
Mauritania;MRT;1960;0;0;3400000
Mauritania;MRT;1970;0;0;2550000
Mauritania;MRT;1980;0;0;0
Mauritania;MRT;1990;0;0;0
Mauritania;MRT;2000;0;0;0
Mauritania;MRT;2010;0;0;400000
Mauritania;MRT;2020;0;0;0
Mauritius;MUS;1900;0;0;0
Mauritius;MUS;1910;0;0;0
Mauritius;MUS;1920;0;0;0
Mauritius;MUS;1930;0;0;0
Mauritius;MUS;1940;0;0;0
Mauritius;MUS;1950;0;0;0
Mauritius;MUS;1960;0;0;1000000
Mauritius;MUS;1970;0;0;75000000
Mauritius;MUS;1980;0;0;12194600
Mauritius;MUS;1990;0;0;44580000
Mauritius;MUS;2000;0;0;10000000
Mauritius;MUS;2010;0;0;890000
Mauritius;MUS;2020;0;0;0
Mexico;MEX;1900;0;0;0
Mexico;MEX;1910;0;0;0
Mexico;MEX;1920;0;0;0
Mexico;MEX;1930;0;0;0
Mexico;MEX;1940;0;0;0
Mexico;MEX;1950;0;0;17000000
Mexico;MEX;1960;0;0;44380000
Mexico;MEX;1970;0;0;50860000
Mexico;MEX;1980;0;0;991960000
Mexico;MEX;1990;0;79600000;1407562000
Mexico;MEX;2000;0;736000000;2638920000
Mexico;MEX;2010;0;1178400000;5442201000
Mexico;MEX;2020;0;0;1020000004
Micronesia (country);FSM;1900;0;0;0
Micronesia (country);FSM;1910;0;0;0
Micronesia (country);FSM;1920;0;0;0
Micronesia (country);FSM;1930;0;0;0
Micronesia (country);FSM;1940;0;0;0
Micronesia (country);FSM;1950;0;0;0
Micronesia (country);FSM;1960;0;0;3400000
Micronesia (country);FSM;1970;0;0;2550000
Micronesia (country);FSM;1980;0;0;1200000
Micronesia (country);FSM;1990;0;0;0
Micronesia (country);FSM;2000;0;0;100000
Micronesia (country);FSM;2010;0;0;2200000
Micronesia (country);FSM;2020;0;0;0
Moldova;MDA;1900;0;0;0
Moldova;MDA;1910;0;0;0
Moldova;MDA;1920;0;0;0
Moldova;MDA;1930;0;0;0
Moldova;MDA;1940;0;0;0
Moldova;MDA;1950;0;0;0
Moldova;MDA;1960;0;0;0
Moldova;MDA;1970;0;0;0
Moldova;MDA;1980;0;0;0
Moldova;MDA;1990;0;0;88300000
Moldova;MDA;2000;0;0;48636800
Moldova;MDA;2010;0;0;0
Moldova;MDA;2020;0;0;0
Mongolia;MNG;1900;0;0;0
Mongolia;MNG;1910;0;0;0
Mongolia;MNG;1920;0;0;0
Mongolia;MNG;1930;0;0;0
Mongolia;MNG;1940;0;0;0
Mongolia;MNG;1950;0;0;0
Mongolia;MNG;1960;0;0;5000000
Mongolia;MNG;1970;0;0;0
Mongolia;MNG;1980;0;0;0
Mongolia;MNG;1990;0;0;506560000
Mongolia;MNG;2000;0;0;49472800
Mongolia;MNG;2010;0;0;0
Mongolia;MNG;2020;0;0;0
Montenegro;MNE;1900;0;0;0
Montenegro;MNE;1910;0;0;0
Montenegro;MNE;1920;0;0;0
Montenegro;MNE;1930;0;0;0
Montenegro;MNE;1940;0;0;0
Montenegro;MNE;1950;0;0;0
Montenegro;MNE;1960;0;0;0
Montenegro;MNE;1970;0;0;0
Montenegro;MNE;1980;0;0;0
Montenegro;MNE;1990;0;0;0
Montenegro;MNE;2000;0;0;0
Montenegro;MNE;2010;0;0;0
Montenegro;MNE;2020;0;0;0
Montserrat;MSR;1900;0;0;0
Montserrat;MSR;1910;0;0;0
Montserrat;MSR;1920;0;0;0
Montserrat;MSR;1930;0;0;0
Montserrat;MSR;1940;0;0;0
Montserrat;MSR;1950;0;0;0
Montserrat;MSR;1960;0;0;0
Montserrat;MSR;1970;0;0;0
Montserrat;MSR;1980;0;0;48000000
Montserrat;MSR;1990;0;0;5600000
Montserrat;MSR;2000;0;0;40600000
Montserrat;MSR;2010;0;0;0
Montserrat;MSR;2020;0;0;0
Morocco;MAR;1900;0;0;0
Morocco;MAR;1910;0;0;0
Morocco;MAR;1920;0;0;0
Morocco;MAR;1930;0;0;0
Morocco;MAR;1940;0;0;0
Morocco;MAR;1950;0;0;0
Morocco;MAR;1960;0;0;25000000
Morocco;MAR;1970;0;0;6010000
Morocco;MAR;1980;0;0;0
Morocco;MAR;1990;0;0;102800000
Morocco;MAR;2000;0;0;120611800
Morocco;MAR;2010;0;0;65800000
Morocco;MAR;2020;0;0;0
Mozambique;MOZ;1900;0;0;0
Mozambique;MOZ;1910;0;0;0
Mozambique;MOZ;1920;0;0;0
Mozambique;MOZ;1930;0;0;0
Mozambique;MOZ;1940;0;0;0
Mozambique;MOZ;1950;0;0;0
Mozambique;MOZ;1960;0;0;36000000
Mozambique;MOZ;1970;0;0;23700000
Mozambique;MOZ;1980;0;0;15100000
Mozambique;MOZ;1990;2800000;0;10390000
Mozambique;MOZ;2000;0;300000;130040000
Mozambique;MOZ;2010;0;30000000;456720000
Mozambique;MOZ;2020;0;0;0
Myanmar;MMR;1900;0;0;0
Myanmar;MMR;1910;0;0;0
Myanmar;MMR;1920;0;0;0
Myanmar;MMR;1930;0;0;0
Myanmar;MMR;1940;0;0;0
Myanmar;MMR;1950;0;0;0
Myanmar;MMR;1960;0;0;2340000
Myanmar;MMR;1970;0;0;2200000
Myanmar;MMR;1980;0;0;0
Myanmar;MMR;1990;0;0;28991000
Myanmar;MMR;2000;0;0;900137600
Myanmar;MMR;2010;0;0;39814000
Myanmar;MMR;2020;0;0;0
Namibia;NAM;1900;0;0;0
Namibia;NAM;1910;0;0;0
Namibia;NAM;1920;0;0;0
Namibia;NAM;1930;0;0;0
Namibia;NAM;1940;0;0;0
Namibia;NAM;1950;0;0;0
Namibia;NAM;1960;0;0;0
Namibia;NAM;1970;0;0;10000
Namibia;NAM;1980;0;0;0
Namibia;NAM;1990;0;0;95100000
Namibia;NAM;2000;0;0;1698000
Namibia;NAM;2010;0;0;14800000
Namibia;NAM;2020;0;0;0
Nepal;NPL;1900;0;0;0
Nepal;NPL;1910;0;0;0
Nepal;NPL;1920;0;0;0
Nepal;NPL;1930;0;0;0
Nepal;NPL;1940;0;0;0
Nepal;NPL;1950;0;0;0
Nepal;NPL;1960;0;0;260000
Nepal;NPL;1970;0;0;1102600
Nepal;NPL;1980;0;0;82098000
Nepal;NPL;1990;0;0;52280000
Nepal;NPL;2000;0;1000000;13745800
Nepal;NPL;2010;0;20000000;1200824600
Nepal;NPL;2020;0;0;66666668
Netherlands;NLD;1900;0;0;0
Netherlands;NLD;1910;0;0;0
Netherlands;NLD;1920;0;0;0
Netherlands;NLD;1930;0;0;0
Netherlands;NLD;1940;0;0;0
Netherlands;NLD;1950;0;0;60000000
Netherlands;NLD;1960;0;0;0
Netherlands;NLD;1970;0;0;0
Netherlands;NLD;1980;0;0;0
Netherlands;NLD;1990;0;254060000;708540000
Netherlands;NLD;2000;0;137000000;190000000
Netherlands;NLD;2010;0;109000000;198402200
Netherlands;NLD;2020;0;0;0
New Caledonia;NCL;1900;0;0;0
New Caledonia;NCL;1910;0;0;0
New Caledonia;NCL;1920;0;0;0
New Caledonia;NCL;1930;0;0;0
New Caledonia;NCL;1940;0;0;0
New Caledonia;NCL;1950;0;0;140000
New Caledonia;NCL;1960;0;0;600000
New Caledonia;NCL;1970;0;0;1000000
New Caledonia;NCL;1980;0;0;40000
New Caledonia;NCL;1990;0;0;0
New Caledonia;NCL;2000;0;0;8000000
New Caledonia;NCL;2010;0;0;0
New Caledonia;NCL;2020;0;0;0
New Zealand;NZL;1900;0;0;0
New Zealand;NZL;1910;0;0;0
New Zealand;NZL;1920;0;0;0
New Zealand;NZL;1930;0;0;5000000
New Zealand;NZL;1940;0;0;0
New Zealand;NZL;1950;0;0;0
New Zealand;NZL;1960;0;0;533800
New Zealand;NZL;1970;0;0;493200
New Zealand;NZL;1980;0;0;49960000
New Zealand;NZL;1990;0;4120000;35300000
New Zealand;NZL;2000;0;22600000;106900000
New Zealand;NZL;2010;0;4235360000;5860520000
New Zealand;NZL;2020;0;0;254666664
Nicaragua;NIC;1900;0;0;0
Nicaragua;NIC;1910;0;0;0
Nicaragua;NIC;1920;0;0;0
Nicaragua;NIC;1930;0;0;6000000
Nicaragua;NIC;1940;0;0;0
Nicaragua;NIC;1950;0;0;0
Nicaragua;NIC;1960;0;0;700000
Nicaragua;NIC;1970;0;20000000;169476000
Nicaragua;NIC;1980;0;0;151200000
Nicaragua;NIC;1990;0;0;222604400
Nicaragua;NIC;2000;0;0;610000
Nicaragua;NIC;2010;0;0;600000
Nicaragua;NIC;2020;0;0;732666680
Niger;NER;1900;0;0;0
Niger;NER;1910;0;0;0
Niger;NER;1920;0;0;0
Niger;NER;1930;0;0;0
Niger;NER;1940;0;0;0
Niger;NER;1950;0;0;0
Niger;NER;1960;0;0;0
Niger;NER;1970;0;0;200000
Niger;NER;1980;0;0;2040000
Niger;NER;1990;0;0;0
Niger;NER;2000;0;0;0
Niger;NER;2010;0;0;52167800
Niger;NER;2020;0;0;0
Nigeria;NGA;1900;0;0;0
Nigeria;NGA;1910;0;0;0
Nigeria;NGA;1920;0;0;0
Nigeria;NGA;1930;0;0;0
Nigeria;NGA;1940;0;0;0
Nigeria;NGA;1950;0;0;0
Nigeria;NGA;1960;0;0;0
Nigeria;NGA;1970;0;0;0
Nigeria;NGA;1980;0;0;8710300
Nigeria;NGA;1990;0;0;23300000
Nigeria;NGA;2000;0;0;2484400
Nigeria;NGA;2010;1020000;0;249400000
Nigeria;NGA;2020;0;0;66666668
Niue;NIU;1900;0;0;0
Niue;NIU;1910;0;0;0
Niue;NIU;1920;0;0;0
Niue;NIU;1930;0;0;0
Niue;NIU;1940;0;0;0
Niue;NIU;1950;0;0;300000
Niue;NIU;1960;0;0;8200
Niue;NIU;1970;0;0;0
Niue;NIU;1980;0;0;0
Niue;NIU;1990;0;0;1800000
Niue;NIU;2000;0;0;8000000
Niue;NIU;2010;0;0;0
Niue;NIU;2020;0;0;0
North Korea;PRK;1900;0;0;0
North Korea;PRK;1910;0;0;0
North Korea;PRK;1920;0;0;0
North Korea;PRK;1930;0;0;0
North Korea;PRK;1940;0;0;0
North Korea;PRK;1950;0;0;0
North Korea;PRK;1960;0;0;0
North Korea;PRK;1970;0;0;0
North Korea;PRK;1980;0;0;0
North Korea;PRK;1990;0;0;3462402000
North Korea;PRK;2000;0;0;1265980000
North Korea;PRK;2010;0;0;25208000
North Korea;PRK;2020;0;0;0
North Macedonia;MKD;1900;0;0;0
North Macedonia;MKD;1910;0;0;0
North Macedonia;MKD;1920;0;0;0
North Macedonia;MKD;1930;0;0;0
North Macedonia;MKD;1940;0;0;0
North Macedonia;MKD;1950;0;0;0
North Macedonia;MKD;1960;0;0;0
North Macedonia;MKD;1970;0;0;0
North Macedonia;MKD;1980;0;0;7110300
North Macedonia;MKD;1990;0;0;49000000
North Macedonia;MKD;2000;0;0;3432600
North Macedonia;MKD;2010;0;0;29400000
North Macedonia;MKD;2020;0;0;0
Northern Mariana Islands;MNP;1900;0;0;0
Northern Mariana Islands;MNP;1910;0;0;0
Northern Mariana Islands;MNP;1920;0;0;0
Northern Mariana Islands;MNP;1930;0;0;0
Northern Mariana Islands;MNP;1940;0;0;0
Northern Mariana Islands;MNP;1950;0;0;0
Northern Mariana Islands;MNP;1960;0;0;650000
Northern Mariana Islands;MNP;1970;0;0;300700000
Northern Mariana Islands;MNP;1980;0;0;181000000
Northern Mariana Islands;MNP;1990;0;0;425000000
Northern Mariana Islands;MNP;2000;0;0;498253900
Northern Mariana Islands;MNP;2010;0;0;4083967000
Northern Mariana Islands;MNP;2020;0;0;5500000000
Norway;NOR;1900;0;0;0
Norway;NOR;1910;0;0;0
Norway;NOR;1920;0;0;0
Norway;NOR;1930;0;0;0
Norway;NOR;1940;0;0;0
Norway;NOR;1950;0;0;0
Norway;NOR;1960;0;0;0
Norway;NOR;1970;0;0;0
Norway;NOR;1980;0;0;0
Norway;NOR;1990;0;64160000;86600000
Norway;NOR;2000;0;8000000;26000000
Norway;NOR;2010;0;0;0
Norway;NOR;2020;0;0;86666664
Oman;OMN;1900;0;0;0
Oman;OMN;1910;0;0;0
Oman;OMN;1920;0;0;0
Oman;OMN;1930;0;0;0
Oman;OMN;1940;0;0;0
Oman;OMN;1950;0;0;0
Oman;OMN;1960;0;0;0
Oman;OMN;1970;0;0;0
Oman;OMN;1980;0;0;0
Oman;OMN;1990;0;0;0
Oman;OMN;2000;0;130060000;790200000
Oman;OMN;2010;0;5200000;244200000
Oman;OMN;2020;0;0;53333332
Pakistan;PAK;1900;0;0;0
Pakistan;PAK;1910;0;0;0
Pakistan;PAK;1920;0;0;0
Pakistan;PAK;1930;0;0;0
Pakistan;PAK;1940;0;0;5000000
Pakistan;PAK;1950;0;0;0
Pakistan;PAK;1960;0;0;2480000
Pakistan;PAK;1970;0;0;233951000
Pakistan;PAK;1980;0;0;1400000
Pakistan;PAK;1990;0;0;247533200
Pakistan;PAK;2000;1040000000;0;1507329600
Pakistan;PAK;2010;0;20000000;3669200000
Pakistan;PAK;2020;0;0;1006666680
Palau;PLW;1900;0;0;0
Palau;PLW;1910;0;0;0
Palau;PLW;1920;0;0;0
Palau;PLW;1930;0;0;0
Palau;PLW;1940;0;0;0
Palau;PLW;1950;0;0;0
Palau;PLW;1960;0;0;0
Palau;PLW;1970;0;0;0
Palau;PLW;1980;0;0;0
Palau;PLW;1990;0;0;0
Palau;PLW;2000;0;0;0
Palau;PLW;2010;0;0;0
Palau;PLW;2020;0;0;0
Palestine;PSE;1900;0;0;0
Palestine;PSE;1910;0;0;0
Palestine;PSE;1920;0;0;0
Palestine;PSE;1930;0;0;0
Palestine;PSE;1940;0;0;0
Palestine;PSE;1950;0;0;0
Palestine;PSE;1960;0;0;0
Palestine;PSE;1970;0;0;0
Palestine;PSE;1980;0;0;0
Palestine;PSE;1990;0;0;0
Palestine;PSE;2000;0;0;0
Palestine;PSE;2010;0;0;0
Palestine;PSE;2020;0;0;0
Panama;PAN;1900;0;0;0
Panama;PAN;1910;0;0;0
Panama;PAN;1920;0;0;0
Panama;PAN;1930;0;0;0
Panama;PAN;1940;0;0;0
Panama;PAN;1950;0;0;0
Panama;PAN;1960;0;0;60260000
Panama;PAN;1970;0;0;3010000
Panama;PAN;1980;0;0;615070000
Panama;PAN;1990;0;0;210710000
Panama;PAN;2000;0;0;203760000
Panama;PAN;2010;0;0;236390000
Panama;PAN;2020;0;0;0
Papua New Guinea;PNG;1900;0;0;0
Papua New Guinea;PNG;1910;0;0;0
Papua New Guinea;PNG;1920;0;0;0
Papua New Guinea;PNG;1930;0;0;0
Papua New Guinea;PNG;1940;0;0;0
Papua New Guinea;PNG;1950;0;0;0
Papua New Guinea;PNG;1960;0;0;0
Papua New Guinea;PNG;1970;0;0;350000
Papua New Guinea;PNG;1980;0;0;8205000
Papua New Guinea;PNG;1990;0;0;32445600
Papua New Guinea;PNG;2000;36600000;0;0
Papua New Guinea;PNG;2010;0;0;23600000
Papua New Guinea;PNG;2020;0;0;0
Paraguay;PRY;1900;0;0;0
Paraguay;PRY;1910;0;0;0
Paraguay;PRY;1920;0;0;0
Paraguay;PRY;1930;0;0;0
Paraguay;PRY;1940;0;0;0
Paraguay;PRY;1950;0;0;0
Paraguay;PRY;1960;0;0;600000
Paraguay;PRY;1970;0;0;10000
Paraguay;PRY;1980;0;0;16400000
Paraguay;PRY;1990;0;0;26037400
Paraguay;PRY;2000;0;0;6164000
Paraguay;PRY;2010;0;0;6200000
Paraguay;PRY;2020;0;0;0
Peru;PER;1900;0;0;0
Peru;PER;1910;0;0;0
Peru;PER;1920;0;0;0
Peru;PER;1930;0;0;0
Peru;PER;1940;0;0;0
Peru;PER;1950;0;0;0
Peru;PER;1960;0;0;48020000
Peru;PER;1970;0;0;118500000
Peru;PER;1980;0;0;205500000
Peru;PER;1990;0;0;41420000
Peru;PER;2000;0;50000000;180010000
Peru;PER;2010;0;76000000;659200000
Peru;PER;2020;0;0;23333334
Philippines;PHL;1900;0;0;0
Philippines;PHL;1910;0;0;2000000
Philippines;PHL;1920;0;0;0
Philippines;PHL;1930;0;0;0
Philippines;PHL;1940;0;0;700000
Philippines;PHL;1950;0;0;11000000
Philippines;PHL;1960;0;0;26420000
Philippines;PHL;1970;0;0;231101200
Philippines;PHL;1980;0;0;328166000
Philippines;PHL;1990;0;15060000;649721600
Philippines;PHL;2000;0;9300000;441508900
Philippines;PHL;2010;1060000;164600000;3796954000
Philippines;PHL;2020;0;0;1524113360
Poland;POL;1900;0;0;0
Poland;POL;1910;0;0;0
Poland;POL;1920;0;0;0
Poland;POL;1930;0;0;0
Poland;POL;1940;0;0;0
Poland;POL;1950;0;0;0
Poland;POL;1960;0;0;0
Poland;POL;1970;0;0;0
Poland;POL;1980;0;0;111000000
Poland;POL;1990;0;92000000;712200000
Poland;POL;2000;0;6000000;190030000
Poland;POL;2010;0;0;699380000
Poland;POL;2020;0;0;0
Portugal;PRT;1900;0;0;0
Portugal;PRT;1910;0;0;0
Portugal;PRT;1920;0;0;0
Portugal;PRT;1930;0;0;0
Portugal;PRT;1940;0;0;8000000
Portugal;PRT;1950;0;0;0
Portugal;PRT;1960;0;0;600000
Portugal;PRT;1970;0;0;6420000
Portugal;PRT;1980;0;0;48500000
Portugal;PRT;1990;0;0;39460000
Portugal;PRT;2000;0;1200000;809813600
Portugal;PRT;2010;401150200;125360000;530900000
Portugal;PRT;2020;0;0;0
Puerto Rico;PRI;1900;0;0;0
Puerto Rico;PRI;1910;0;0;5800000
Puerto Rico;PRI;1920;0;0;10000000
Puerto Rico;PRI;1930;0;0;6000000
Puerto Rico;PRI;1940;0;0;0
Puerto Rico;PRI;1950;0;0;0
Puerto Rico;PRI;1960;0;0;0
Puerto Rico;PRI;1970;0;0;0
Puerto Rico;PRI;1980;0;0;0
Puerto Rico;PRI;1990;0;72000000;580200000
Puerto Rico;PRI;2000;0;6000000;49200000
Puerto Rico;PRI;2010;0;6090000000;13700000000
Puerto Rico;PRI;2020;0;266666672;673199994
Qatar;QAT;1900;0;0;0
Qatar;QAT;1910;0;0;0
Qatar;QAT;1920;0;0;0
Qatar;QAT;1930;0;0;0
Qatar;QAT;1940;0;0;0
Qatar;QAT;1950;0;0;0
Qatar;QAT;1960;0;0;1000000
Qatar;QAT;1970;0;0;0
Qatar;QAT;1980;0;0;0
Qatar;QAT;1990;0;0;28600000
Qatar;QAT;2000;0;0;0
Qatar;QAT;2010;0;0;2000000
Qatar;QAT;2020;0;0;0
Reunion;REU;1900;0;0;0
Reunion;REU;1910;0;0;0
Reunion;REU;1920;0;0;0
Reunion;REU;1930;0;0;0
Reunion;REU;1940;0;0;0
Reunion;REU;1950;0;0;0
Reunion;REU;1960;0;0;0
Reunion;REU;1970;0;0;0
Reunion;REU;1980;0;0;23800000
Reunion;REU;1990;0;0;6400000
Reunion;REU;2000;0;0;10045300
Reunion;REU;2010;0;9800000;25439900
Reunion;REU;2020;0;0;0
Romania;ROU;1900;0;0;0
Romania;ROU;1910;0;0;0
Romania;ROU;1920;0;0;0
Romania;ROU;1930;0;0;0
Romania;ROU;1940;0;0;2000000
Romania;ROU;1950;0;0;0
Romania;ROU;1960;0;0;0
Romania;ROU;1970;0;0;510000000
Romania;ROU;1980;0;0;0
Romania;ROU;1990;0;4740000;75280000
Romania;ROU;2000;0;0;359758000
Romania;ROU;2010;0;0;225945600
Romania;ROU;2020;0;0;56666668
Russia;RUS;1900;0;0;0
Russia;RUS;1910;0;0;0
Russia;RUS;1920;0;0;0
Russia;RUS;1930;0;0;0
Russia;RUS;1940;0;0;0
Russia;RUS;1950;0;0;0
Russia;RUS;1960;0;0;0
Russia;RUS;1970;0;0;0
Russia;RUS;1980;0;0;9500000
Russia;RUS;1990;0;0;315567200
Russia;RUS;2000;0;3200000;660478600
Russia;RUS;2010;0;10000000;1187567000
Russia;RUS;2020;0;0;133333336
Rwanda;RWA;1900;0;0;0
Rwanda;RWA;1910;0;0;0
Rwanda;RWA;1920;0;0;0
Rwanda;RWA;1930;0;0;0
Rwanda;RWA;1940;0;0;0
Rwanda;RWA;1950;0;0;0
Rwanda;RWA;1960;0;0;0
Rwanda;RWA;1970;0;0;0
Rwanda;RWA;1980;0;0;0
Rwanda;RWA;1990;0;0;200000
Rwanda;RWA;2000;0;0;1800
Rwanda;RWA;2010;0;0;14400000
Rwanda;RWA;2020;0;0;0
Saint Barthelemy;BLM;1900;0;0;0
Saint Barthelemy;BLM;1910;0;0;0
Saint Barthelemy;BLM;1920;0;0;0
Saint Barthelemy;BLM;1930;0;0;0
Saint Barthelemy;BLM;1940;0;0;0
Saint Barthelemy;BLM;1950;0;0;0
Saint Barthelemy;BLM;1960;0;0;0
Saint Barthelemy;BLM;1970;0;0;0
Saint Barthelemy;BLM;1980;0;0;0
Saint Barthelemy;BLM;1990;0;0;0
Saint Barthelemy;BLM;2000;0;0;0
Saint Barthelemy;BLM;2010;0;209760000;0
Saint Barthelemy;BLM;2020;0;0;0
Saint Helena;SHN;1900;0;0;0
Saint Helena;SHN;1910;0;0;0
Saint Helena;SHN;1920;0;0;0
Saint Helena;SHN;1930;0;0;0
Saint Helena;SHN;1940;0;0;0
Saint Helena;SHN;1950;0;0;0
Saint Helena;SHN;1960;0;0;0
Saint Helena;SHN;1970;0;0;0
Saint Helena;SHN;1980;0;0;0
Saint Helena;SHN;1990;0;0;0
Saint Helena;SHN;2000;0;0;0
Saint Helena;SHN;2010;0;0;0
Saint Helena;SHN;2020;0;0;0
Saint Kitts and Nevis;KNA;1900;0;0;0
Saint Kitts and Nevis;KNA;1910;0;0;0
Saint Kitts and Nevis;KNA;1920;0;0;0
Saint Kitts and Nevis;KNA;1930;0;0;0
Saint Kitts and Nevis;KNA;1940;0;0;0
Saint Kitts and Nevis;KNA;1950;0;0;0
Saint Kitts and Nevis;KNA;1960;0;0;0
Saint Kitts and Nevis;KNA;1970;0;0;0
Saint Kitts and Nevis;KNA;1980;0;0;9300000
Saint Kitts and Nevis;KNA;1990;0;0;127680000
Saint Kitts and Nevis;KNA;2000;0;0;50000000
Saint Kitts and Nevis;KNA;2010;0;460000;4000000
Saint Kitts and Nevis;KNA;2020;0;0;0
Saint Lucia;LCA;1900;0;0;0
Saint Lucia;LCA;1910;0;0;0
Saint Lucia;LCA;1920;0;0;0
Saint Lucia;LCA;1930;0;0;0
Saint Lucia;LCA;1940;0;0;0
Saint Lucia;LCA;1950;0;0;0
Saint Lucia;LCA;1960;0;0;1293000
Saint Lucia;LCA;1970;0;0;0
Saint Lucia;LCA;1980;0;0;18356000
Saint Lucia;LCA;1990;0;0;0
Saint Lucia;LCA;2000;0;4000000;8100000
Saint Lucia;LCA;2010;0;0;254100000
Saint Lucia;LCA;2020;0;0;22666666
Saint Martin (French part);MAF;1900;0;0;0
Saint Martin (French part);MAF;1910;0;0;0
Saint Martin (French part);MAF;1920;0;0;0
Saint Martin (French part);MAF;1930;0;0;0
Saint Martin (French part);MAF;1940;0;0;0
Saint Martin (French part);MAF;1950;0;0;0
Saint Martin (French part);MAF;1960;0;0;0
Saint Martin (French part);MAF;1970;0;0;0
Saint Martin (French part);MAF;1980;0;0;0
Saint Martin (French part);MAF;1990;0;0;0
Saint Martin (French part);MAF;2000;0;0;0
Saint Martin (French part);MAF;2010;0;246240000;820000000
Saint Martin (French part);MAF;2020;0;0;0
Saint Vincent and the Grenadines;VCT;1900;0;0;0
Saint Vincent and the Grenadines;VCT;1910;0;0;0
Saint Vincent and the Grenadines;VCT;1920;0;0;0
Saint Vincent and the Grenadines;VCT;1930;0;0;0
Saint Vincent and the Grenadines;VCT;1940;0;0;0
Saint Vincent and the Grenadines;VCT;1950;0;0;0
Saint Vincent and the Grenadines;VCT;1960;0;0;900000
Saint Vincent and the Grenadines;VCT;1970;0;0;0
Saint Vincent and the Grenadines;VCT;1980;0;0;5320000
Saint Vincent and the Grenadines;VCT;1990;0;0;0
Saint Vincent and the Grenadines;VCT;2000;0;0;3200000
Saint Vincent and the Grenadines;VCT;2010;0;0;27900000
Saint Vincent and the Grenadines;VCT;2020;0;0;216666672
Samoa;WSM;1900;0;0;0
Samoa;WSM;1910;0;0;0
Samoa;WSM;1920;0;0;0
Samoa;WSM;1930;0;0;0
Samoa;WSM;1940;0;0;0
Samoa;WSM;1950;0;0;0
Samoa;WSM;1960;0;0;167600
Samoa;WSM;1970;0;0;0
Samoa;WSM;1980;0;0;15750000
Samoa;WSM;1990;0;0;95600000
Samoa;WSM;2000;0;0;25108000
Samoa;WSM;2010;0;0;26600000
Samoa;WSM;2020;0;0;0
Sao Tome and Principe;STP;1900;0;0;0
Sao Tome and Principe;STP;1910;0;0;0
Sao Tome and Principe;STP;1920;0;0;0
Sao Tome and Principe;STP;1930;0;0;0
Sao Tome and Principe;STP;1940;0;0;0
Sao Tome and Principe;STP;1950;0;0;0
Sao Tome and Principe;STP;1960;0;0;0
Sao Tome and Principe;STP;1970;0;0;0
Sao Tome and Principe;STP;1980;0;0;0
Sao Tome and Principe;STP;1990;0;0;0
Sao Tome and Principe;STP;2000;0;0;0
Sao Tome and Principe;STP;2010;0;0;0
Sao Tome and Principe;STP;2020;0;0;0
Saudi Arabia;SAU;1900;0;0;0
Saudi Arabia;SAU;1910;0;0;0
Saudi Arabia;SAU;1920;0;0;0
Saudi Arabia;SAU;1930;0;0;0
Saudi Arabia;SAU;1940;0;0;0
Saudi Arabia;SAU;1950;0;0;0
Saudi Arabia;SAU;1960;0;0;0
Saudi Arabia;SAU;1970;0;0;0
Saudi Arabia;SAU;1980;0;0;90000000
Saudi Arabia;SAU;1990;0;0;0
Saudi Arabia;SAU;2000;0;0;180000000
Saudi Arabia;SAU;2010;0;16000000;70400000
Saudi Arabia;SAU;2020;0;0;0
Senegal;SEN;1900;0;0;0
Senegal;SEN;1910;0;0;0
Senegal;SEN;1920;0;0;0
Senegal;SEN;1930;0;0;0
Senegal;SEN;1940;0;0;0
Senegal;SEN;1950;0;0;0
Senegal;SEN;1960;0;0;7490000
Senegal;SEN;1970;0;0;30400000
Senegal;SEN;1980;0;0;281200
Senegal;SEN;1990;0;0;0
Senegal;SEN;2000;16800;0;8195800
Senegal;SEN;2010;0;0;2000000
Senegal;SEN;2020;0;0;12000000
Serbia;SRB;1900;0;0;0
Serbia;SRB;1910;0;0;0
Serbia;SRB;1920;0;0;0
Serbia;SRB;1930;0;0;0
Serbia;SRB;1940;0;0;0
Serbia;SRB;1950;0;0;0
Serbia;SRB;1960;0;0;0
Serbia;SRB;1970;0;0;0
Serbia;SRB;1980;0;0;0
Serbia;SRB;1990;0;0;0
Serbia;SRB;2000;0;0;0
Serbia;SRB;2010;0;0;456104400
Serbia;SRB;2020;0;0;18666666
Seychelles;SYC;1900;0;0;0
Seychelles;SYC;1910;0;0;0
Seychelles;SYC;1920;0;0;0
Seychelles;SYC;1930;0;0;0
Seychelles;SYC;1940;0;0;0
Seychelles;SYC;1950;0;0;0
Seychelles;SYC;1960;0;0;0
Seychelles;SYC;1970;0;0;0
Seychelles;SYC;1980;0;0;0
Seychelles;SYC;1990;0;0;340000
Seychelles;SYC;2000;0;0;6000000
Seychelles;SYC;2010;0;0;1860000
Seychelles;SYC;2020;0;0;0
Sierra Leone;SLE;1900;0;0;0
Sierra Leone;SLE;1910;0;0;0
Sierra Leone;SLE;1920;0;0;0
Sierra Leone;SLE;1930;0;0;0
Sierra Leone;SLE;1940;0;0;0
Sierra Leone;SLE;1950;0;0;0
Sierra Leone;SLE;1960;0;0;0
Sierra Leone;SLE;1970;0;0;720000
Sierra Leone;SLE;1980;0;0;0
Sierra Leone;SLE;1990;0;0;0
Sierra Leone;SLE;2000;0;0;0
Sierra Leone;SLE;2010;0;0;6000000
Sierra Leone;SLE;2020;0;0;0
Sint Maarten (Dutch part);SXM;1900;0;0;0
Sint Maarten (Dutch part);SXM;1910;0;0;0
Sint Maarten (Dutch part);SXM;1920;0;0;0
Sint Maarten (Dutch part);SXM;1930;0;0;0
Sint Maarten (Dutch part);SXM;1940;0;0;0
Sint Maarten (Dutch part);SXM;1950;0;0;0
Sint Maarten (Dutch part);SXM;1960;0;0;7480000
Sint Maarten (Dutch part);SXM;1970;0;0;30000000
Sint Maarten (Dutch part);SXM;1980;0;0;0
Sint Maarten (Dutch part);SXM;1990;0;0;0
Sint Maarten (Dutch part);SXM;2000;0;0;0
Sint Maarten (Dutch part);SXM;2010;0;100000000;500000000
Sint Maarten (Dutch part);SXM;2020;0;0;0
Slovakia;SVK;1900;0;0;0
Slovakia;SVK;1910;0;0;0
Slovakia;SVK;1920;0;0;0
Slovakia;SVK;1930;0;0;0
Slovakia;SVK;1940;0;0;0
Slovakia;SVK;1950;0;0;0
Slovakia;SVK;1960;0;0;0
Slovakia;SVK;1970;0;0;0
Slovakia;SVK;1980;0;0;0
Slovakia;SVK;1990;0;600000;43660000
Slovakia;SVK;2000;0;1100000;108460000
Slovakia;SVK;2010;0;0;5000000
Slovakia;SVK;2020;0;0;0
Slovenia;SVN;1900;0;0;0
Slovenia;SVN;1910;0;0;0
Slovenia;SVN;1920;0;0;0
Slovenia;SVN;1930;0;0;0
Slovenia;SVN;1940;0;0;0
Slovenia;SVN;1950;0;0;0
Slovenia;SVN;1960;0;0;0
Slovenia;SVN;1970;0;0;0
Slovenia;SVN;1980;0;0;0
Slovenia;SVN;1990;0;0;0
Slovenia;SVN;2000;0;200000;97400000
Slovenia;SVN;2010;0;0;53000000
Slovenia;SVN;2020;0;0;0
Solomon Islands;SLB;1900;0;0;0
Solomon Islands;SLB;1910;0;0;0
Solomon Islands;SLB;1920;0;0;0
Solomon Islands;SLB;1930;0;0;0
Solomon Islands;SLB;1940;0;0;0
Solomon Islands;SLB;1950;0;0;0
Solomon Islands;SLB;1960;0;0;0
Solomon Islands;SLB;1970;0;0;0
Solomon Islands;SLB;1980;0;0;4000000
Solomon Islands;SLB;1990;0;0;0
Solomon Islands;SLB;2000;0;0;0
Solomon Islands;SLB;2010;0;0;6000000
Solomon Islands;SLB;2020;0;0;0
Somalia;SOM;1900;0;0;0
Somalia;SOM;1910;0;0;0
Somalia;SOM;1920;0;0;0
Somalia;SOM;1930;0;0;0
Somalia;SOM;1940;0;0;0
Somalia;SOM;1950;0;0;0
Somalia;SOM;1960;0;0;0
Somalia;SOM;1970;0;0;0
Somalia;SOM;1980;0;0;0
Somalia;SOM;1990;0;0;0
Somalia;SOM;2000;0;0;20004000
Somalia;SOM;2010;0;0;16400000
Somalia;SOM;2020;0;0;331000000
South Africa;ZAF;1900;0;0;0
South Africa;ZAF;1910;0;0;0
South Africa;ZAF;1920;0;0;0
South Africa;ZAF;1930;0;0;0
South Africa;ZAF;1940;0;0;0
South Africa;ZAF;1950;0;0;0
South Africa;ZAF;1960;0;0;10800000
South Africa;ZAF;1970;0;0;0
South Africa;ZAF;1980;0;60200000;181661000
South Africa;ZAF;1990;0;23560000;223892000
South Africa;ZAF;2000;25509600;13600000;173261000
South Africa;ZAF;2010;0;126200000;530300000
South Africa;ZAF;2020;0;0;2159333400
South Korea;KOR;1900;0;0;0
South Korea;KOR;1910;0;0;0
South Korea;KOR;1920;0;0;0
South Korea;KOR;1930;0;0;0
South Korea;KOR;1940;0;0;0
South Korea;KOR;1950;0;0;0
South Korea;KOR;1960;0;0;12960000
South Korea;KOR;1970;0;0;54186800
South Korea;KOR;1980;0;13600000;224924000
South Korea;KOR;1990;0;10200000;625701600
South Korea;KOR;2000;0;134800000;2123279000
South Korea;KOR;2010;0;0;338200000
South Korea;KOR;2020;0;533333340;1088666640
South Sudan;SSD;1900;0;0;0
South Sudan;SSD;1910;0;0;0
South Sudan;SSD;1920;0;0;0
South Sudan;SSD;1930;0;0;0
South Sudan;SSD;1940;0;0;0
South Sudan;SSD;1950;0;0;0
South Sudan;SSD;1960;0;0;0
South Sudan;SSD;1970;0;0;0
South Sudan;SSD;1980;0;0;0
South Sudan;SSD;1990;0;0;0
South Sudan;SSD;2000;0;0;0
South Sudan;SSD;2010;0;0;0
South Sudan;SSD;2020;0;0;0
Spain;ESP;1900;0;0;0
Spain;ESP;1910;0;0;0
Spain;ESP;1920;0;0;0
Spain;ESP;1930;0;0;0
Spain;ESP;1940;0;0;0
Spain;ESP;1950;0;0;0
Spain;ESP;1960;0;0;16000000
Spain;ESP;1970;0;0;120000000
Spain;ESP;1980;0;0;1795400000
Spain;ESP;1990;0;17980000;1175602400
Spain;ESP;2000;0;214400000;1319041600
Spain;ESP;2010;0;242400000;739000000
Spain;ESP;2020;0;102000000;2568333240
Sri Lanka;LKA;1900;0;0;0
Sri Lanka;LKA;1910;0;0;0
Sri Lanka;LKA;1920;0;0;0
Sri Lanka;LKA;1930;0;0;0
Sri Lanka;LKA;1940;0;0;0
Sri Lanka;LKA;1950;0;0;0
Sri Lanka;LKA;1960;0;0;10760000
Sri Lanka;LKA;1970;0;0;20000000
Sri Lanka;LKA;1980;0;0;7786800
Sri Lanka;LKA;1990;0;0;156776000
Sri Lanka;LKA;2000;0;0;270310000
Sri Lanka;LKA;2010;0;27400000;683440000
Sri Lanka;LKA;2020;0;0;0
Sudan;SDN;1900;0;0;0
Sudan;SDN;1910;0;0;0
Sudan;SDN;1920;0;0;0
Sudan;SDN;1930;0;0;0
Sudan;SDN;1940;0;0;0
Sudan;SDN;1950;0;0;0
Sudan;SDN;1960;0;0;6500000
Sudan;SDN;1970;0;0;235010000
Sudan;SDN;1980;0;0;161660000
Sudan;SDN;1990;0;0;96740000
Sudan;SDN;2000;0;0;274370000
Sudan;SDN;2010;0;0;1093870000
Sudan;SDN;2020;0;0;2166666672
Suriname;SUR;1900;0;0;0
Suriname;SUR;1910;0;0;0
Suriname;SUR;1920;0;0;0
Suriname;SUR;1930;0;0;0
Suriname;SUR;1940;0;0;0
Suriname;SUR;1950;0;0;0
Suriname;SUR;1960;0;0;10000
Suriname;SUR;1970;0;0;0
Suriname;SUR;1980;0;0;0
Suriname;SUR;1990;0;0;0
Suriname;SUR;2000;0;0;0
Suriname;SUR;2010;0;0;0
Suriname;SUR;2020;0;0;0
Sweden;SWE;1900;0;0;0
Sweden;SWE;1910;0;0;0
Sweden;SWE;1920;0;0;0
Sweden;SWE;1930;0;0;0
Sweden;SWE;1940;0;0;0
Sweden;SWE;1950;0;0;0
Sweden;SWE;1960;0;0;0
Sweden;SWE;1970;0;0;36200000
Sweden;SWE;1980;0;0;1160000
Sweden;SWE;1990;0;24000000;34000000
Sweden;SWE;2000;0;130000000;560000000
Sweden;SWE;2010;0;0;20400000
Sweden;SWE;2020;0;0;46666668
Switzerland;CHE;1900;0;0;0
Switzerland;CHE;1910;0;0;0
Switzerland;CHE;1920;0;0;0
Switzerland;CHE;1930;0;0;0
Switzerland;CHE;1940;0;0;0
Switzerland;CHE;1950;0;0;4000000
Switzerland;CHE;1960;0;0;0
Switzerland;CHE;1970;0;0;0
Switzerland;CHE;1980;0;23400000;51500000
Switzerland;CHE;1990;0;347400000;662652000
Switzerland;CHE;2000;159000000;400000000;869000000
Switzerland;CHE;2010;0;27460000;52800000
Switzerland;CHE;2020;0;216000000;0
Syria;SYR;1900;0;0;0
Syria;SYR;1910;0;0;0
Syria;SYR;1920;0;0;0
Syria;SYR;1930;0;0;0
Syria;SYR;1940;0;0;0
Syria;SYR;1950;0;0;0
Syria;SYR;1960;0;0;1000000
Syria;SYR;1970;0;0;7800000
Syria;SYR;1980;0;0;296000000
Syria;SYR;1990;0;0;770000000
Syria;SYR;2000;0;0;0
Syria;SYR;2010;0;0;0
Syria;SYR;2020;0;0;0
Taiwan;TWN;1900;0;0;0
Taiwan;TWN;1910;0;0;4000000
Taiwan;TWN;1920;0;0;0
Taiwan;TWN;1930;0;0;0
Taiwan;TWN;1940;0;0;0
Taiwan;TWN;1950;0;0;10000000
Taiwan;TWN;1960;0;0;21064400
Taiwan;TWN;1970;0;0;50200000
Taiwan;TWN;1980;0;0;97000000
Taiwan;TWN;1990;0;231000000;3229820000
Taiwan;TWN;2000;0;148600000;526858000
Taiwan;TWN;2010;0;91800000;543360000
Taiwan;TWN;2020;0;0;0
Tajikistan;TJK;1900;0;0;0
Tajikistan;TJK;1910;0;0;0
Tajikistan;TJK;1920;0;0;0
Tajikistan;TJK;1930;0;0;0
Tajikistan;TJK;1940;0;0;0
Tajikistan;TJK;1950;0;0;0
Tajikistan;TJK;1960;0;0;0
Tajikistan;TJK;1970;0;0;0
Tajikistan;TJK;1980;0;0;0
Tajikistan;TJK;1990;0;0;109090800
Tajikistan;TJK;2000;0;0;203634000
Tajikistan;TJK;2010;0;0;42652000
Tajikistan;TJK;2020;0;0;6000000
Tanzania;TZA;1900;0;0;0
Tanzania;TZA;1910;0;0;0
Tanzania;TZA;1920;0;0;0
Tanzania;TZA;1930;0;0;0
Tanzania;TZA;1940;0;0;0
Tanzania;TZA;1950;0;0;0
Tanzania;TZA;1960;0;0;200000
Tanzania;TZA;1970;0;0;600000
Tanzania;TZA;1980;0;0;0
Tanzania;TZA;1990;0;0;758000
Tanzania;TZA;2000;0;0;0
Tanzania;TZA;2010;38800000;0;92000000
Tanzania;TZA;2020;0;0;0
Thailand;THA;1900;0;0;0
Thailand;THA;1910;0;0;0
Thailand;THA;1920;0;0;0
Thailand;THA;1930;0;0;0
Thailand;THA;1940;0;0;0
Thailand;THA;1950;0;0;0
Thailand;THA;1960;0;0;4000000
Thailand;THA;1970;0;0;89000000
Thailand;THA;1980;0;0;221929200
Thailand;THA;1990;0;0;562097600
Thailand;THA;2000;0;55000000;378092600
Thailand;THA;2010;0;2009200000;8880912400
Thailand;THA;2020;0;0;430666670
Timor;TLS;1900;0;0;0
Timor;TLS;1910;0;0;0
Timor;TLS;1920;0;0;0
Timor;TLS;1930;0;0;0
Timor;TLS;1940;0;0;0
Timor;TLS;1950;0;0;0
Timor;TLS;1960;0;0;0
Timor;TLS;1970;0;0;0
Timor;TLS;1980;0;0;0
Timor;TLS;1990;0;0;0
Timor;TLS;2000;0;0;0
Timor;TLS;2010;0;0;800000
Timor;TLS;2020;0;0;0
Togo;TGO;1900;0;0;0
Togo;TGO;1910;0;0;0
Togo;TGO;1920;0;0;0
Togo;TGO;1930;0;0;0
Togo;TGO;1940;0;0;0
Togo;TGO;1950;0;0;0
Togo;TGO;1960;0;0;40000
Togo;TGO;1970;0;0;50000
Togo;TGO;1980;0;0;0
Togo;TGO;1990;0;0;0
Togo;TGO;2000;0;0;0
Togo;TGO;2010;0;0;0
Togo;TGO;2020;0;0;0
Tokelau;TKL;1900;0;0;0
Tokelau;TKL;1910;0;0;0
Tokelau;TKL;1920;0;0;0
Tokelau;TKL;1930;0;0;0
Tokelau;TKL;1940;0;0;0
Tokelau;TKL;1950;0;0;0
Tokelau;TKL;1960;0;0;0
Tokelau;TKL;1970;0;0;0
Tokelau;TKL;1980;0;0;100000
Tokelau;TKL;1990;0;0;480000
Tokelau;TKL;2000;0;0;0
Tokelau;TKL;2010;0;0;0
Tokelau;TKL;2020;0;0;0
Tonga;TON;1900;0;0;0
Tonga;TON;1910;0;0;0
Tonga;TON;1920;0;0;0
Tonga;TON;1930;0;0;0
Tonga;TON;1940;0;0;0
Tonga;TON;1950;0;0;0
Tonga;TON;1960;0;0;100000
Tonga;TON;1970;0;0;560000
Tonga;TON;1980;0;0;4460000
Tonga;TON;1990;0;0;500000
Tonga;TON;2000;0;0;17860000
Tonga;TON;2010;0;0;6800000
Tonga;TON;2020;0;0;152000000
Trinidad and Tobago;TTO;1900;0;0;0
Trinidad and Tobago;TTO;1910;0;0;0
Trinidad and Tobago;TTO;1920;0;0;0
Trinidad and Tobago;TTO;1930;0;0;600000
Trinidad and Tobago;TTO;1940;0;0;0
Trinidad and Tobago;TTO;1950;0;0;0
Trinidad and Tobago;TTO;1960;0;0;6000000
Trinidad and Tobago;TTO;1970;0;0;1000000
Trinidad and Tobago;TTO;1980;0;0;0
Trinidad and Tobago;TTO;1990;0;0;5014000
Trinidad and Tobago;TTO;2000;0;0;200000
Trinidad and Tobago;TTO;2010;0;0;740000
Trinidad and Tobago;TTO;2020;0;0;0
Tunisia;TUN;1900;0;0;0
Tunisia;TUN;1910;0;0;0
Tunisia;TUN;1920;0;0;0
Tunisia;TUN;1930;0;0;0
Tunisia;TUN;1940;0;0;0
Tunisia;TUN;1950;0;0;0
Tunisia;TUN;1960;0;0;20600000
Tunisia;TUN;1970;0;0;1000000
Tunisia;TUN;1980;0;0;18000000
Tunisia;TUN;1990;0;0;48760000
Tunisia;TUN;2000;0;0;42230000
Tunisia;TUN;2010;0;0;337320000
Tunisia;TUN;2020;0;0;0
Turkey;TUR;1900;0;0;0
Turkey;TUR;1910;0;0;0
Turkey;TUR;1920;0;0;0
Turkey;TUR;1930;0;0;4000000
Turkey;TUR;1940;0;0;8000000
Turkey;TUR;1950;0;0;714000
Turkey;TUR;1960;0;0;6040000
Turkey;TUR;1970;0;0;20520000
Turkey;TUR;1980;0;0;8000000
Turkey;TUR;1990;7000000000;402160000;4762060000
Turkey;TUR;2000;0;50200000;232600000
Turkey;TUR;2010;0;80800000;468800000
Turkey;TUR;2020;0;0;1074000006
Turkmenistan;TKM;1900;0;0;0
Turkmenistan;TKM;1910;0;0;0
Turkmenistan;TKM;1920;0;0;0
Turkmenistan;TKM;1930;0;0;0
Turkmenistan;TKM;1940;0;0;0
Turkmenistan;TKM;1950;0;0;0
Turkmenistan;TKM;1960;0;0;0
Turkmenistan;TKM;1970;0;0;50000
Turkmenistan;TKM;1980;0;0;0
Turkmenistan;TKM;1990;0;0;19974000
Turkmenistan;TKM;2000;0;0;0
Turkmenistan;TKM;2010;0;0;0
Turkmenistan;TKM;2020;0;0;0
Turks and Caicos Islands;TCA;1900;0;0;0
Turks and Caicos Islands;TCA;1910;0;0;0
Turks and Caicos Islands;TCA;1920;0;0;0
Turks and Caicos Islands;TCA;1930;0;0;0
Turks and Caicos Islands;TCA;1940;0;0;0
Turks and Caicos Islands;TCA;1950;0;0;0
Turks and Caicos Islands;TCA;1960;0;0;0
Turks and Caicos Islands;TCA;1970;0;0;0
Turks and Caicos Islands;TCA;1980;0;0;1000
Turks and Caicos Islands;TCA;1990;0;0;0
Turks and Caicos Islands;TCA;2000;0;0;100000000
Turks and Caicos Islands;TCA;2010;0;2980000;100000000
Turks and Caicos Islands;TCA;2020;0;0;0
Tuvalu;TUV;1900;0;0;0
Tuvalu;TUV;1910;0;0;0
Tuvalu;TUV;1920;0;0;0
Tuvalu;TUV;1930;0;0;0
Tuvalu;TUV;1940;0;0;0
Tuvalu;TUV;1950;0;0;0
Tuvalu;TUV;1960;0;0;0
Tuvalu;TUV;1970;0;0;0
Tuvalu;TUV;1980;0;0;0
Tuvalu;TUV;1990;0;0;0
Tuvalu;TUV;2000;0;0;0
Tuvalu;TUV;2010;0;0;0
Tuvalu;TUV;2020;0;0;0
Uganda;UGA;1900;0;0;0
Uganda;UGA;1910;0;0;0
Uganda;UGA;1920;0;0;0
Uganda;UGA;1930;0;0;0
Uganda;UGA;1940;0;0;0
Uganda;UGA;1950;0;0;0
Uganda;UGA;1960;0;0;320000
Uganda;UGA;1970;0;0;0
Uganda;UGA;1980;0;0;0
Uganda;UGA;1990;0;0;14360000
Uganda;UGA;2000;0;0;14200
Uganda;UGA;2010;0;0;1160000
Uganda;UGA;2020;0;0;0
Ukraine;UKR;1900;0;0;0
Ukraine;UKR;1910;0;0;0
Ukraine;UKR;1920;0;0;0
Ukraine;UKR;1930;0;0;0
Ukraine;UKR;1940;0;0;0
Ukraine;UKR;1950;0;0;0
Ukraine;UKR;1960;0;0;0
Ukraine;UKR;1970;0;0;0
Ukraine;UKR;1980;0;0;0
Ukraine;UKR;1990;0;0;58571800
Ukraine;UKR;2000;0;0;268771000
Ukraine;UKR;2010;0;0;173580000
Ukraine;UKR;2020;0;0;323907328
United Arab Emirates;ARE;1900;0;0;0
United Arab Emirates;ARE;1910;0;0;0
United Arab Emirates;ARE;1920;0;0;0
United Arab Emirates;ARE;1930;0;0;0
United Arab Emirates;ARE;1940;0;0;0
United Arab Emirates;ARE;1950;0;0;0
United Arab Emirates;ARE;1960;0;0;0
United Arab Emirates;ARE;1970;0;0;0
United Arab Emirates;ARE;1980;0;0;0
United Arab Emirates;ARE;1990;0;0;0
United Arab Emirates;ARE;2000;0;0;0
United Arab Emirates;ARE;2010;0;0;0
United Arab Emirates;ARE;2020;0;0;0
United Kingdom;GBR;1900;0;0;0
United Kingdom;GBR;1910;0;0;0
United Kingdom;GBR;1920;0;0;0
United Kingdom;GBR;1930;0;0;0
United Kingdom;GBR;1940;0;0;0
United Kingdom;GBR;1950;0;0;0
United Kingdom;GBR;1960;0;0;500000
United Kingdom;GBR;1970;0;0;200000
United Kingdom;GBR;1980;0;290400000;329300000
United Kingdom;GBR;1990;0;1330560000;1862096000
United Kingdom;GBR;2000;0;1856400000;3771240000
United Kingdom;GBR;2010;0;673806800;1514100000
United Kingdom;GBR;2020;0;0;0
United States;USA;1900;0;36000000;206800000
United States;USA;1910;0;0;77200000
United States;USA;1920;0;0;29246000
United States;USA;1930;0;0;161900000
United States;USA;1940;0;0;242600000
United States;USA;1950;0;0;719180000
United States;USA;1960;0;0;1373400000
United States;USA;1970;0;7000000;2316350000
United States;USA;1980;0;844320000;7137114000
United States;USA;1990;12500000;14699060000;31390840000
United States;USA;2000;0;35440700000;68517493000
United States;USA;2010;0;47385500000;1,06457E+11
United States;USA;2020;0;62200000000;1,52947E+11
United States Virgin Islands;VIR;1900;0;0;0
United States Virgin Islands;VIR;1910;0;0;0
United States Virgin Islands;VIR;1920;0;0;0
United States Virgin Islands;VIR;1930;0;0;0
United States Virgin Islands;VIR;1940;0;0;0
United States Virgin Islands;VIR;1950;0;0;0
United States Virgin Islands;VIR;1960;0;0;0
United States Virgin Islands;VIR;1970;0;0;0
United States Virgin Islands;VIR;1980;0;0;4360000
United States Virgin Islands;VIR;1990;0;131000000;243200000
United States Virgin Islands;VIR;2000;0;0;0
United States Virgin Islands;VIR;2010;0;0;0
United States Virgin Islands;VIR;2020;0;0;0
Uruguay;URG;1900;0;0;0
Uruguay;URG;1910;0;0;0
Uruguay;URG;1920;0;0;0
Uruguay;URG;1930;0;0;0
Uruguay;URG;1940;0;0;0
Uruguay;URG;1950;0;0;0
Uruguay;URG;1960;0;0;7800000
Uruguay;URG;1970;0;0;0
Uruguay;URG;1980;0;0;0
Uruguay;URG;1990;0;0;26000000
Uruguay;URG;2000;0;0;14000000
Uruguay;URG;2010;0;0;219600000
Uruguay;URG;2020;0;0;0
Uzbekistan;UZB;1900;0;0;0
Uzbekistan;UZB;1910;0;0;0
Uzbekistan;UZB;1920;0;0;0
Uzbekistan;UZB;1930;0;0;0
Uzbekistan;UZB;1940;0;0;0
Uzbekistan;UZB;1950;0;0;0
Uzbekistan;UZB;1960;0;0;0
Uzbekistan;UZB;1970;0;0;0
Uzbekistan;UZB;1980;0;0;0
Uzbekistan;UZB;1990;0;0;0
Uzbekistan;UZB;2000;0;0;5000000
Uzbekistan;UZB;2010;0;0;0
Uzbekistan;UZB;2020;0;0;0
Vanuatu;VUT;1900;0;0;0
Vanuatu;VUT;1910;0;0;0
Vanuatu;VUT;1920;0;0;0
Vanuatu;VUT;1930;0;0;0
Vanuatu;VUT;1940;0;0;0
Vanuatu;VUT;1950;0;0;50000
Vanuatu;VUT;1960;0;0;0
Vanuatu;VUT;1970;0;0;0
Vanuatu;VUT;1980;0;0;39800000
Vanuatu;VUT;1990;0;0;1200000
Vanuatu;VUT;2000;0;0;0
Vanuatu;VUT;2010;0;0;90280000
Vanuatu;VUT;2020;0;0;0
Venezuela;VEN;1900;0;0;0
Venezuela;VEN;1910;0;0;0
Venezuela;VEN;1920;0;0;0
Venezuela;VEN;1930;0;0;0
Venezuela;VEN;1940;0;0;0
Venezuela;VEN;1950;0;0;0
Venezuela;VEN;1960;0;0;28825200
Venezuela;VEN;1970;0;0;0
Venezuela;VEN;1980;0;0;360000
Venezuela;VEN;1990;0;80400000;892600000
Venezuela;VEN;2000;0;0;480800000
Venezuela;VEN;2010;0;0;4075800000
Venezuela;VEN;2020;0;0;5520000000
Vietnam;VNM;1900;0;0;0
Vietnam;VNM;1910;0;0;0
Vietnam;VNM;1920;0;0;0
Vietnam;VNM;1930;0;0;0
Vietnam;VNM;1940;0;0;0
Vietnam;VNM;1950;0;0;0
Vietnam;VNM;1960;0;0;12000000
Vietnam;VNM;1970;0;0;0
Vietnam;VNM;1980;0;0;4200000
Vietnam;VNM;1990;0;1000000;485169000
Vietnam;VNM;2000;0;7600000;986829000
Vietnam;VNM;2010;0;400000;2159404800
Vietnam;VNM;2020;0;0;978328000
Wallis and Futuna;WLF;1900;0;0;0
Wallis and Futuna;WLF;1910;0;0;0
Wallis and Futuna;WLF;1920;0;0;0
Wallis and Futuna;WLF;1930;0;0;0
Wallis and Futuna;WLF;1940;0;0;0
Wallis and Futuna;WLF;1950;0;0;0
Wallis and Futuna;WLF;1960;0;0;4561800
Wallis and Futuna;WLF;1970;0;0;230210000
Wallis and Futuna;WLF;1980;0;0;162388700
Wallis and Futuna;WLF;1990;0;0;1726930000
Wallis and Futuna;WLF;2000;0;0;1278125400
Wallis and Futuna;WLF;2010;0;0;2952647000
Wallis and Futuna;WLF;2020;0;0;4700000000
Yemen;YEM;1900;0;0;0
Yemen;YEM;1910;0;0;0
Yemen;YEM;1920;0;0;0
Yemen;YEM;1930;0;0;0
Yemen;YEM;1940;0;0;0
Yemen;YEM;1950;0;0;0
Yemen;YEM;1960;0;0;0
Yemen;YEM;1970;0;0;0
Yemen;YEM;1980;0;0;0
Yemen;YEM;1990;0;0;242300000
Yemen;YEM;2000;0;0;85000000
Yemen;YEM;2010;0;0;40000000
Yemen;YEM;2020;0;0;0
Zambia;ZMB;1900;0;0;0
Zambia;ZMB;1910;0;0;0
Zambia;ZMB;1920;0;0;0
Zambia;ZMB;1930;0;0;0
Zambia;ZMB;1940;0;0;0
Zambia;ZMB;1950;0;0;0
Zambia;ZMB;1960;0;0;0
Zambia;ZMB;1970;0;0;40000
Zambia;ZMB;1980;0;0;0
Zambia;ZMB;1990;0;0;4140000
Zambia;ZMB;2000;0;0;0
Zambia;ZMB;2010;0;0;0
Zambia;ZMB;2020;0;0;0
Zimbabwe;ZWE;1900;0;0;0
Zimbabwe;ZWE;1910;0;0;0
Zimbabwe;ZWE;1920;0;0;0
Zimbabwe;ZWE;1930;0;0;0
Zimbabwe;ZWE;1940;0;0;0
Zimbabwe;ZWE;1950;0;0;0
Zimbabwe;ZWE;1960;0;0;0
Zimbabwe;ZWE;1970;0;0;0
Zimbabwe;ZWE;1980;0;0;100000
Zimbabwe;ZWE;1990;0;0;45700000
Zimbabwe;ZWE;2000;0;0;79752000
Zimbabwe;ZWE;2010;0;0;766800000
Zimbabwe;ZWE;2020;0;0;0
