ISO Code,Country name,Year,Number of people injured from drought,Number of people injured from earthquakes,Number of people injured from volcanic activity,Number of people injured from floods,Number of people injured from storms,Number of people injured from landslides,Number of people injured from wildfires,Number of people injured from extreme temperatures
AFG,Afghanistan,1950,0,200,0,0,0,0,0,0
AFG,Afghanistan,1960,0,0,0,0,0,0,0,0
AFG,Afghanistan,1970,0,2,0,14,0,0,0,0
AFG,Afghanistan,1980,0,352,0,0,0,0,0,0
AFG,Afghanistan,1990,0,358,0,30,0,6,0,0
AFG,Afghanistan,2000,0,151,0,27,0,1,0,18
AFG,Afghanistan,2010,0,5831,0,61,2,26,0,7
AFG,Afghanistan,2020,0,998,0,220,13,3,0,0
ALB,Albania,1950,0,0,0,0,0,0,0,0
ALB,Albania,1960,0,29,0,0,0,0,0,0
ALB,Albania,1970,0,35,0,0,0,0,0,0
ALB,Albania,1980,0,1,0,0,0,3,0,0
ALB,Albania,1990,0,0,0,0,0,0,0,0
ALB,Albania,2000,0,0,0,0,0,0,0,0
ALB,Albania,2010,0,103,0,0,0,0,0,0
ALB,Albania,2020,0,0,0,0,0,0,0,0
DZA,Algeria,1950,0,500,0,0,0,0,0,0
DZA,Algeria,1960,0,37,0,25,0,0,0,0
DZA,Algeria,1970,0,0,0,0,0,0,0,0
DZA,Algeria,1980,0,862,0,6,0,0,0,0
DZA,Algeria,1990,0,46,0,13,0,5,0,0
DZA,Algeria,2000,0,1079,0,62,2,0,0,0
DZA,Algeria,2010,0,42,0,14,0,0,0,3
DZA,Algeria,2020,0,0,0,0,0,0,84,0
ASM,American Samoa,1950,0,0,0,0,0,0,0,0
ASM,American Samoa,1960,0,0,0,0,0,0,0,0
ASM,American Samoa,1970,0,0,0,0,0,0,0,0
ASM,American Samoa,1980,0,0,0,0,0,0,0,0
ASM,American Samoa,1990,0,0,0,0,0,0,0,0
ASM,American Samoa,2000,0,0,0,0,6,0,0,0
ASM,American Samoa,2010,0,0,0,0,0,0,0,0
ASM,American Samoa,2020,0,0,0,0,0,0,0,0
AGO,Angola,1950,0,0,0,0,0,0,0,0
AGO,Angola,1960,0,0,0,0,0,0,0,0
AGO,Angola,1970,0,0,0,0,0,0,0,0
AGO,Angola,1980,0,0,0,0,0,0,0,0
AGO,Angola,1990,0,0,0,0,0,0,0,0
AGO,Angola,2000,0,0,0,2,0,0,0,0
AGO,Angola,2010,0,0,0,3,0,0,0,0
AGO,Angola,2020,0,0,0,1,0,0,0,0
AIA,Anguilla,1950,0,0,0,0,0,0,0,0
AIA,Anguilla,1960,0,0,0,0,25,0,0,0
AIA,Anguilla,1970,0,0,0,0,0,0,0,0
AIA,Anguilla,1980,0,0,0,0,0,0,0,0
AIA,Anguilla,1990,0,0,0,0,0,0,0,0
AIA,Anguilla,2000,0,0,0,0,0,0,0,0
AIA,Anguilla,2010,0,0,0,0,0,0,0,0
AIA,Anguilla,2020,0,0,0,0,0,0,0,0
ATG,Antigua and Barbuda,1950,0,0,0,0,0,0,0,0
ATG,Antigua and Barbuda,1960,0,0,0,0,0,0,0,0
ATG,Antigua and Barbuda,1970,0,0,0,0,0,0,0,0
ATG,Antigua and Barbuda,1980,0,0,0,0,0,0,0,0
ATG,Antigua and Barbuda,1990,0,0,0,0,21,0,0,0
ATG,Antigua and Barbuda,2000,0,0,0,0,0,0,0,0
ATG,Antigua and Barbuda,2010,0,0,0,0,0,0,0,0
ATG,Antigua and Barbuda,2020,0,0,0,0,0,0,0,0
ARG,Argentina,1950,0,0,0,0,0,0,0,0
ARG,Argentina,1960,0,0,0,0,0,0,0,0
ARG,Argentina,1970,0,10,0,0,40,0,0,0
ARG,Argentina,1980,0,24,0,0,0,1,0,0
ARG,Argentina,1990,0,0,0,0,0,0,0,0
ARG,Argentina,2000,0,3,0,5,23,0,0,0
ARG,Argentina,2010,3,0,0,0,4,0,0,0
ARG,Argentina,2020,0,5,0,0,0,0,2,0
ARM,Armenia,1950,0,0,0,0,0,0,0,0
ARM,Armenia,1960,0,0,0,0,0,0,0,0
ARM,Armenia,1970,0,0,0,0,0,0,0,0
ARM,Armenia,1980,0,0,0,0,0,0,0,0
ARM,Armenia,1990,0,0,0,0,0,0,0,0
ARM,Armenia,2000,0,0,0,0,0,0,0,0
ARM,Armenia,2010,0,0,0,0,0,0,0,0
ARM,Armenia,2020,0,0,0,0,0,0,0,0
AUS,Australia,1950,0,0,0,0,0,0,0,0
AUS,Australia,1960,0,2,0,0,0,0,10,0
AUS,Australia,1970,0,0,0,0,64,0,0,0
AUS,Australia,1980,0,12,0,0,1,0,10,0
AUS,Australia,1990,0,1,0,6,29,0,16,78
AUS,Australia,2000,0,0,0,3,6,0,67,200
AUS,Australia,2010,0,0,0,0,1,0,19,0
AUS,Australia,2020,0,0,0,4,0,0,0,0
AUT,Austria,1950,0,0,0,0,0,0,0,0
AUT,Austria,1960,0,0,0,0,0,0,0,0
AUT,Austria,1970,0,0,0,0,0,0,0,0
AUT,Austria,1980,0,0,0,0,0,0,0,0
AUT,Austria,1990,0,0,0,0,0,0,0,0
AUT,Austria,2000,0,0,0,0,0,0,0,0
AUT,Austria,2010,0,0,0,0,12,0,0,0
AUT,Austria,2020,0,0,0,0,4,0,0,0
AZE,Azerbaijan,1950,0,0,0,0,0,0,0,0
AZE,Azerbaijan,1960,0,0,0,0,0,0,0,0
AZE,Azerbaijan,1970,0,0,0,0,0,0,0,0
AZE,Azerbaijan,1980,0,0,0,0,0,0,0,0
AZE,Azerbaijan,1990,0,3,0,0,0,0,0,0
AZE,Azerbaijan,2000,0,60,0,0,0,0,0,0
AZE,Azerbaijan,2010,0,5,0,0,0,0,0,0
AZE,Azerbaijan,2020,0,0,0,0,0,0,0,0
BHS,Bahamas,1950,0,0,0,0,0,0,0,0
BHS,Bahamas,1960,0,0,0,0,0,0,0,0
BHS,Bahamas,1970,0,0,0,0,0,0,0,0
BHS,Bahamas,1980,0,0,0,0,0,0,0,0
BHS,Bahamas,1990,0,0,0,0,0,0,0,0
BHS,Bahamas,2000,0,0,0,0,0,0,0,0
BHS,Bahamas,2010,0,0,0,0,0,0,0,0
BHS,Bahamas,2020,0,0,0,0,0,0,0,0
BGD,Bangladesh,1950,0,0,0,0,0,0,0,0
BGD,Bangladesh,1960,0,0,0,10000,61678,0,0,0
BGD,Bangladesh,1970,0,0,0,0,2605,0,0,0
BGD,Bangladesh,1980,0,20,0,0,2200,0,0,0
BGD,Bangladesh,1990,0,40,0,207,19882,0,0,0
BGD,Bangladesh,2000,0,3,0,32,7356,5,0,220
BGD,Bangladesh,2010,0,27,0,2110,152,31,0,450
BGD,Bangladesh,2020,0,0,0,0,0,0,0,0
BRB,Barbados,1950,0,0,0,0,0,0,0,0
BRB,Barbados,1960,0,0,0,0,0,0,0,0
BRB,Barbados,1970,0,0,0,1,0,0,0,0
BRB,Barbados,1980,0,0,0,0,1,0,0,0
BRB,Barbados,1990,0,0,0,0,0,0,0,0
BRB,Barbados,2000,0,0,0,0,0,0,0,0
BRB,Barbados,2010,0,0,0,0,0,0,0,0
BRB,Barbados,2020,0,0,0,0,0,0,0,0
BLR,Belarus,1950,0,0,0,0,0,0,0,0
BLR,Belarus,1960,0,0,0,0,0,0,0,0
BLR,Belarus,1970,0,0,0,0,0,0,0,0
BLR,Belarus,1980,0,0,0,0,0,0,0,0
BLR,Belarus,1990,0,0,0,0,5,0,0,0
BLR,Belarus,2000,0,0,0,0,0,0,0,182
BLR,Belarus,2010,0,0,0,0,0,0,0,339
BLR,Belarus,2020,0,0,0,0,0,0,0,0
BEL,Belgium,1950,0,0,0,0,0,0,0,0
BEL,Belgium,1960,0,0,0,0,10,0,0,0
BEL,Belgium,1970,0,0,0,0,0,0,0,0
BEL,Belgium,1980,0,3,0,0,0,0,0,0
BEL,Belgium,1990,0,0,0,0,1,0,0,0
BEL,Belgium,2000,0,0,0,0,0,0,0,0
BEL,Belgium,2010,0,0,0,0,7,0,0,0
BEL,Belgium,2020,0,0,0,0,0,0,0,0
BLZ,Belize,1950,0,0,0,0,0,0,0,0
BLZ,Belize,1960,0,0,0,0,0,0,0,0
BLZ,Belize,1970,0,0,0,0,0,0,0,0
BLZ,Belize,1980,0,0,0,0,0,0,0,0
BLZ,Belize,1990,0,0,0,0,0,0,0,0
BLZ,Belize,2000,0,0,0,0,57,0,0,0
BLZ,Belize,2010,0,0,0,0,0,0,0,0
BLZ,Belize,2020,0,0,0,0,0,0,0,0
BEN,Benin,1950,0,0,0,0,0,0,0,0
BEN,Benin,1960,0,0,0,0,0,0,0,0
BEN,Benin,1970,0,0,0,0,0,0,20,0
BEN,Benin,1980,0,0,0,0,0,0,0,0
BEN,Benin,1990,0,0,0,0,0,0,0,0
BEN,Benin,2000,0,0,0,0,0,0,0,0
BEN,Benin,2010,0,0,0,100,0,0,0,0
BEN,Benin,2020,0,0,0,0,0,0,0,0
BMU,Bermuda,1950,0,0,0,0,0,0,0,0
BMU,Bermuda,1960,0,0,0,0,0,0,0,0
BMU,Bermuda,1970,0,0,0,0,0,0,0,0
BMU,Bermuda,1980,0,0,0,0,4,0,0,0
BMU,Bermuda,1990,0,0,0,0,0,0,0,0
BMU,Bermuda,2000,0,0,0,0,0,0,0,0
BMU,Bermuda,2010,0,0,0,0,0,0,0,0
BMU,Bermuda,2020,0,0,0,0,0,0,0,0
BTN,Bhutan,1950,0,0,0,0,0,0,0,0
BTN,Bhutan,1960,0,0,0,0,0,0,0,0
BTN,Bhutan,1970,0,0,0,0,0,0,0,0
BTN,Bhutan,1980,0,0,0,0,0,0,0,0
BTN,Bhutan,1990,0,0,0,0,0,0,0,0
BTN,Bhutan,2000,0,1,0,0,0,0,0,0
BTN,Bhutan,2010,0,2,0,0,0,0,0,0
BTN,Bhutan,2020,0,1,0,0,0,0,0,0
BOL,Bolivia,1950,0,0,0,0,0,0,0,0
BOL,Bolivia,1960,0,0,0,20,0,0,0,0
BOL,Bolivia,1970,0,0,0,0,0,0,0,0
BOL,Bolivia,1980,0,0,0,0,0,0,0,0
BOL,Bolivia,1990,0,5,0,5,0,12,0,0
BOL,Bolivia,2000,0,0,0,26,0,1,0,1
BOL,Bolivia,2010,0,0,0,19,0,3,0,0
BOL,Bolivia,2020,0,0,0,6,0,0,0,0
BIH,Bosnia and Herzegovina,1950,0,0,0,0,0,0,0,0
BIH,Bosnia and Herzegovina,1960,0,0,0,0,0,0,0,0
BIH,Bosnia and Herzegovina,1970,0,0,0,0,0,0,0,0
BIH,Bosnia and Herzegovina,1980,0,0,0,0,0,0,0,0
BIH,Bosnia and Herzegovina,1990,0,0,0,0,0,0,0,0
BIH,Bosnia and Herzegovina,2000,0,0,0,0,0,0,0,0
BIH,Bosnia and Herzegovina,2010,0,0,0,0,0,0,0,0
BIH,Bosnia and Herzegovina,2020,0,1,0,0,0,0,0,0
BWA,Botswana,1950,0,0,0,0,0,0,0,0
BWA,Botswana,1960,0,0,0,0,0,0,0,0
BWA,Botswana,1970,0,0,0,0,0,0,0,0
BWA,Botswana,1980,0,0,0,1,0,0,0,0
BWA,Botswana,1990,0,0,0,0,0,0,0,0
BWA,Botswana,2000,0,0,0,0,0,0,0,0
BWA,Botswana,2010,0,0,0,0,0,0,0,0
BWA,Botswana,2020,0,0,0,0,0,0,0,0
BRA,Brazil,1950,0,0,0,0,0,0,0,0
BRA,Brazil,1960,0,0,0,629,0,0,0,0
BRA,Brazil,1970,0,0,0,200,10,0,0,60
BRA,Brazil,1980,0,0,0,233,135,4,0,0
BRA,Brazil,1990,0,0,0,47,8,17,0,0
BRA,Brazil,2000,0,1,0,93,13,0,0,0
BRA,Brazil,2010,0,0,0,62,16,0,220,0
BRA,Brazil,2020,0,0,0,264,0,0,0,0
VGB,British Virgin Islands,1950,0,0,0,0,0,0,0,0
VGB,British Virgin Islands,1960,0,0,0,0,0,0,0,0
VGB,British Virgin Islands,1970,0,0,0,0,0,0,0,0
VGB,British Virgin Islands,1980,0,0,0,0,0,0,0,0
VGB,British Virgin Islands,1990,0,0,0,0,0,0,0,0
VGB,British Virgin Islands,2000,0,0,0,0,0,0,0,0
VGB,British Virgin Islands,2010,0,0,0,0,0,0,0,0
VGB,British Virgin Islands,2020,0,0,0,0,0,0,0,0
BRN,Brunei,1950,0,0,0,0,0,0,0,0
BRN,Brunei,1960,0,0,0,0,0,0,0,0
BRN,Brunei,1970,0,0,0,0,0,0,0,0
BRN,Brunei,1980,0,0,0,0,0,0,0,0
BRN,Brunei,1990,0,0,0,0,0,0,0,0
BRN,Brunei,2000,0,0,0,0,0,0,0,0
BRN,Brunei,2010,0,0,0,0,0,0,0,0
BRN,Brunei,2020,0,0,0,0,0,0,0,0
BGR,Bulgaria,1950,0,0,0,0,0,0,0,0
BGR,Bulgaria,1960,0,0,0,0,0,0,0,0
BGR,Bulgaria,1970,0,17,0,0,0,0,0,0
BGR,Bulgaria,1980,0,6,0,0,0,0,0,0
BGR,Bulgaria,1990,0,0,0,0,0,0,0,2
BGR,Bulgaria,2000,0,0,0,1,0,0,3,7
BGR,Bulgaria,2010,0,7,0,0,4,0,0,0
BGR,Bulgaria,2020,0,0,0,0,0,0,0,0
BFA,Burkina Faso,1950,0,0,0,0,0,0,0,0
BFA,Burkina Faso,1960,0,0,0,0,0,0,0,0
BFA,Burkina Faso,1970,0,0,0,0,0,0,0,0
BFA,Burkina Faso,1980,0,0,0,0,0,0,0,0
BFA,Burkina Faso,1990,0,0,0,0,0,0,0,0
BFA,Burkina Faso,2000,0,0,0,109,0,0,0,0
BFA,Burkina Faso,2010,0,0,0,10,0,0,0,0
BFA,Burkina Faso,2020,0,0,0,37,0,0,0,0
BDI,Burundi,1950,0,0,0,0,0,0,0,0
BDI,Burundi,1960,0,0,0,0,0,0,0,0
BDI,Burundi,1970,0,0,0,0,0,0,0,0
BDI,Burundi,1980,0,0,0,0,0,0,0,0
BDI,Burundi,1990,0,0,0,0,0,0,0,0
BDI,Burundi,2000,0,0,0,1,1,0,0,0
BDI,Burundi,2010,0,0,0,22,5,1,0,0
BDI,Burundi,2020,0,0,0,6,0,0,0,0
KHM,Cambodia,1950,0,0,0,0,0,0,0,0
KHM,Cambodia,1960,0,0,0,0,0,0,0,0
KHM,Cambodia,1970,0,0,0,0,0,0,0,0
KHM,Cambodia,1980,0,0,0,0,0,0,0,0
KHM,Cambodia,1990,0,0,0,0,0,0,0,0
KHM,Cambodia,2000,0,0,0,5,9,0,0,0
KHM,Cambodia,2010,0,0,0,2,0,0,0,0
KHM,Cambodia,2020,0,0,0,0,0,0,0,0
CMR,Cameroon,1950,0,0,0,0,0,0,0,0
CMR,Cameroon,1960,0,0,0,0,0,0,0,0
CMR,Cameroon,1970,0,0,0,0,0,0,0,0
CMR,Cameroon,1980,0,0,44,0,0,0,0,0
CMR,Cameroon,1990,0,0,0,0,0,0,0,0
CMR,Cameroon,2000,0,0,0,2,0,0,0,0
CMR,Cameroon,2010,0,0,0,10,0,0,0,0
CMR,Cameroon,2020,0,0,0,32,0,0,0,0
CAN,Canada,1950,0,0,0,0,0,0,0,0
CAN,Canada,1960,0,0,0,0,0,2,0,0
CAN,Canada,1970,0,0,0,0,4,0,0,0
CAN,Canada,1980,0,0,0,0,45,0,0,0
CAN,Canada,1990,0,0,0,0,0,0,0,0
CAN,Canada,2000,0,0,0,0,14,0,0,0
CAN,Canada,2010,0,0,0,0,5,0,0,0
CAN,Canada,2020,0,0,0,0,1,0,0,0
CPV,Cape Verde,1950,0,0,0,0,0,0,0,0
CPV,Cape Verde,1960,0,0,0,0,0,0,0,0
CPV,Cape Verde,1970,0,0,0,0,0,0,0,0
CPV,Cape Verde,1980,0,0,0,0,12,0,0,0
CPV,Cape Verde,1990,0,0,1,0,0,0,0,0
CPV,Cape Verde,2000,0,0,0,0,0,0,0,0
CPV,Cape Verde,2010,0,0,0,0,0,0,0,0
CPV,Cape Verde,2020,0,0,0,0,0,0,0,0
CYM,Cayman Islands,1950,0,0,0,0,0,0,0,0
CYM,Cayman Islands,1960,0,0,0,0,0,0,0,0
CYM,Cayman Islands,1970,0,0,0,0,0,0,0,0
CYM,Cayman Islands,1980,0,0,0,0,0,0,0,0
CYM,Cayman Islands,1990,0,0,0,0,0,0,0,0
CYM,Cayman Islands,2000,0,0,0,0,0,0,0,0
CYM,Cayman Islands,2010,0,0,0,0,0,0,0,0
CYM,Cayman Islands,2020,0,0,0,0,0,0,0,0
CAF,Central African Republic,1950,0,0,0,0,0,0,0,0
CAF,Central African Republic,1960,0,0,0,0,0,0,0,0
CAF,Central African Republic,1970,0,0,0,0,0,0,0,0
CAF,Central African Republic,1980,0,0,0,0,5,0,0,0
CAF,Central African Republic,1990,0,0,0,0,0,0,0,0
CAF,Central African Republic,2000,0,0,0,1,0,0,0,0
CAF,Central African Republic,2010,0,0,0,0,7,0,0,0
CAF,Central African Republic,2020,0,0,0,3,0,0,0,0
TCD,Chad,1950,0,0,0,0,0,0,0,0
TCD,Chad,1960,0,0,0,0,0,0,0,0
TCD,Chad,1970,0,0,0,0,10,0,0,0
TCD,Chad,1980,0,0,0,5,0,0,0,0
TCD,Chad,1990,0,0,0,1,0,0,0,0
TCD,Chad,2000,0,0,0,0,15,0,0,0
TCD,Chad,2010,0,0,0,0,0,4,0,0
TCD,Chad,2020,0,0,0,186,0,0,0,0
CHL,Chile,1950,0,9,0,0,0,0,0,0
CHL,Chile,1960,0,336,0,0,0,0,0,0
CHL,Chile,1970,0,45,0,0,0,0,0,0
CHL,Chile,1980,0,262,0,0,13,3,0,0
CHL,Chile,1990,0,16,0,6,0,14,0,0
CHL,Chile,2000,0,34,0,0,0,0,0,0
CHL,Chile,2010,0,1036,0,14,0,1,56,0
CHL,Chile,2020,0,0,0,3,0,0,0,0
CHN,China,1950,0,11,0,0,0,0,0,0
CHN,China,1960,0,0,0,0,0,0,0,0
CHN,China,1970,0,16709,0,0,6,0,0,0
CHN,China,1980,0,736,0,7612,1868,115,22,0
CHN,China,1990,0,3545,0,54049,5172,19,0,0
CHN,China,2000,0,38783,0,21028,10766,14,0,370
CHN,China,2010,0,7161,0,26,472,26,0,112
CHN,China,2020,0,212,0,0,108,1,0,0
COL,Colombia,1950,0,5,0,0,0,0,0,0
COL,Colombia,1960,0,50,0,0,0,0,0,0
COL,Colombia,1970,0,165,0,17,0,102,0,0
COL,Colombia,1980,0,120,500,90,4,244,0,0
COL,Colombia,1990,0,919,1,12,0,0,0,0
COL,Colombia,2000,0,8,1,103,20,7,0,0
COL,Colombia,2010,0,2,0,77,2,43,0,0
COL,Colombia,2020,0,0,0,23,1,29,0,0
COM,Comoros,1950,0,0,0,0,0,0,0,0
COM,Comoros,1960,0,0,0,0,0,0,0,0
COM,Comoros,1970,0,0,0,0,0,0,0,0
COM,Comoros,1980,0,0,0,0,5,0,0,0
COM,Comoros,1990,0,0,0,0,0,0,0,0
COM,Comoros,2000,0,0,0,0,0,0,0,0
COM,Comoros,2010,0,0,0,15,18,0,0,0
COM,Comoros,2020,0,0,0,0,0,0,0,0
COG,Congo,1950,0,0,0,0,0,0,0,0
COG,Congo,1960,0,0,0,0,0,0,0,0
COG,Congo,1970,0,0,0,0,0,0,0,0
COG,Congo,1980,0,0,0,0,0,0,0,0
COG,Congo,1990,0,0,0,0,0,0,0,0
COG,Congo,2000,0,0,0,0,0,0,0,0
COG,Congo,2010,0,0,0,9,0,0,0,0
COG,Congo,2020,0,0,0,0,0,0,0,0
COK,Cook Islands,1950,0,0,0,0,0,0,0,0
COK,Cook Islands,1960,0,0,0,0,0,0,0,0
COK,Cook Islands,1970,0,0,0,0,0,0,0,0
COK,Cook Islands,1980,0,0,0,0,0,0,0,0
COK,Cook Islands,1990,0,0,0,0,20,0,0,0
COK,Cook Islands,2000,0,0,0,0,1,0,0,0
COK,Cook Islands,2010,0,0,0,0,1,0,0,0
COK,Cook Islands,2020,0,0,0,0,0,0,0,0
CRI,Costa Rica,1950,0,0,0,0,0,0,0,0
CRI,Costa Rica,1960,0,0,20,2,0,0,0,0
CRI,Costa Rica,1970,0,10,0,4,0,0,0,0
CRI,Costa Rica,1980,0,6,0,0,750,0,0,0
CRI,Costa Rica,1990,0,55,0,2,0,0,0,0
CRI,Costa Rica,2000,0,17,0,4,0,0,0,0
CRI,Costa Rica,2010,0,23,0,0,0,0,0,0
CRI,Costa Rica,2020,0,0,0,0,0,0,0,0
CIV,Cote d'Ivoire,1950,0,0,0,0,0,0,0,0
CIV,Cote d'Ivoire,1960,0,0,0,0,0,0,0,0
CIV,Cote d'Ivoire,1970,0,0,0,0,0,0,0,0
CIV,Cote d'Ivoire,1980,0,0,0,0,0,0,0,0
CIV,Cote d'Ivoire,1990,0,0,0,0,0,0,0,0
CIV,Cote d'Ivoire,2000,0,0,0,0,0,1,0,0
CIV,Cote d'Ivoire,2010,0,0,0,6,0,0,0,0
CIV,Cote d'Ivoire,2020,0,0,0,49,0,0,0,0
HRV,Croatia,1950,0,0,0,0,0,0,0,0
HRV,Croatia,1960,0,0,0,0,0,0,0,0
HRV,Croatia,1970,0,0,0,0,0,0,0,0
HRV,Croatia,1980,0,0,0,0,0,0,0,0
HRV,Croatia,1990,0,0,0,0,0,0,0,0
HRV,Croatia,2000,0,0,0,0,0,0,3,20
HRV,Croatia,2010,0,0,0,1,0,0,8,0
HRV,Croatia,2020,0,21,0,0,0,0,0,0
CUB,Cuba,1950,0,0,0,0,0,0,0,0
CUB,Cuba,1960,0,0,0,0,3,0,0,0
CUB,Cuba,1970,0,1,0,0,7,0,0,0
CUB,Cuba,1980,0,0,0,5,0,0,0,0
CUB,Cuba,1990,0,4,0,0,10,0,0,0
CUB,Cuba,2000,0,0,0,0,4,0,0,0
CUB,Cuba,2010,0,0,0,0,20,0,0,0
CUB,Cuba,2020,0,0,0,0,1,0,0,0
CYP,Cyprus,1950,0,10,0,0,0,0,0,0
CYP,Cyprus,1960,0,0,0,0,10,0,0,0
CYP,Cyprus,1970,0,0,0,0,0,0,0,0
CYP,Cyprus,1980,0,0,0,0,0,0,0,0
CYP,Cyprus,1990,0,1,0,0,0,0,0,10
CYP,Cyprus,2000,0,0,0,0,4,0,0,40
CYP,Cyprus,2010,0,0,0,0,0,0,0,0
CYP,Cyprus,2020,0,0,0,0,0,0,0,0
CZE,Czechia,1950,0,0,0,0,0,0,0,0
CZE,Czechia,1960,0,0,0,0,0,0,0,0
CZE,Czechia,1970,0,0,0,0,0,0,0,0
CZE,Czechia,1980,0,0,0,0,0,0,0,0
CZE,Czechia,1990,0,0,0,241,0,0,0,0
CZE,Czechia,2000,0,0,0,0,2,0,0,0
CZE,Czechia,2010,0,0,0,0,0,0,0,0
CZE,Czechia,2020,0,0,0,0,74,0,0,0
COD,Democratic Republic of Congo,1950,0,0,0,0,0,0,0,0
COD,Democratic Republic of Congo,1960,0,60,0,0,0,0,0,0
COD,Democratic Republic of Congo,1970,0,0,0,0,0,0,0,0
COD,Democratic Republic of Congo,1980,0,0,0,0,0,0,0,0
COD,Democratic Republic of Congo,1990,0,6,0,50,0,0,0,0
COD,Democratic Republic of Congo,2000,0,1,40,17,265,0,0,0
COD,Democratic Republic of Congo,2010,0,3,0,108,0,2,0,0
COD,Democratic Republic of Congo,2020,0,0,0,28,0,0,0,0
DNK,Denmark,1950,0,0,0,0,0,0,0,0
DNK,Denmark,1960,0,0,0,0,0,0,0,0
DNK,Denmark,1970,0,0,0,0,0,0,0,0
DNK,Denmark,1980,0,0,0,0,0,0,0,0
DNK,Denmark,1990,0,0,0,0,0,0,0,0
DNK,Denmark,2000,0,0,0,0,0,0,0,0
DNK,Denmark,2010,0,0,0,0,0,0,0,0
DNK,Denmark,2020,0,0,0,0,1,0,0,0
DJI,Djibouti,1950,0,0,0,0,0,0,0,0
DJI,Djibouti,1960,0,0,0,0,0,0,0,0
DJI,Djibouti,1970,0,0,0,0,0,0,0,0
DJI,Djibouti,1980,0,0,0,30,0,0,0,0
DJI,Djibouti,1990,0,0,0,0,0,0,0,0
DJI,Djibouti,2000,0,0,0,0,0,0,0,0
DJI,Djibouti,2010,0,0,0,0,0,0,0,0
DJI,Djibouti,2020,0,0,0,0,0,0,0,0
DMA,Dominica,1950,0,0,0,0,0,0,0,0
DMA,Dominica,1960,0,0,0,0,0,0,0,0
DMA,Dominica,1970,0,0,0,0,210,0,0,0
DMA,Dominica,1980,0,0,0,0,0,0,0,0
DMA,Dominica,1990,0,0,0,0,0,0,0,0
DMA,Dominica,2000,0,0,0,0,3,0,0,0
DMA,Dominica,2010,0,0,0,0,12,0,0,0
DMA,Dominica,2020,0,0,0,0,0,0,0,0
DOM,Dominican Republic,1950,0,0,0,0,0,0,0,0
DOM,Dominican Republic,1960,0,0,0,0,44,0,0,0
DOM,Dominican Republic,1970,0,0,0,0,400,0,0,0
DOM,Dominican Republic,1980,0,0,0,0,0,0,0,0
DOM,Dominican Republic,1990,0,0,0,0,63,0,0,0
DOM,Dominican Republic,2000,0,2,0,0,1,0,0,0
DOM,Dominican Republic,2010,0,0,0,0,0,0,0,0
DOM,Dominican Republic,2020,0,0,0,0,0,0,0,0
ECU,Ecuador,1950,0,0,0,0,0,0,0,0
ECU,Ecuador,1960,0,0,0,10,0,0,0,0
ECU,Ecuador,1970,0,12,0,0,0,0,0,0
ECU,Ecuador,1980,0,5,0,0,0,0,0,0
ECU,Ecuador,1990,0,32,0,9,0,7,0,0
ECU,Ecuador,2000,0,0,1,7,0,6,0,0
ECU,Ecuador,2010,0,640,0,7,0,0,7,0
ECU,Ecuador,2020,0,1,0,56,0,0,0,0
EGY,Egypt,1950,0,3,0,0,0,0,0,0
EGY,Egypt,1960,0,2,0,0,0,0,0,0
EGY,Egypt,1970,0,0,0,0,0,0,0,0
EGY,Egypt,1980,0,0,0,0,1,0,0,0
EGY,Egypt,1990,0,1000,0,1,6,0,0,0
EGY,Egypt,2000,0,0,0,7,4,0,0,11
EGY,Egypt,2010,0,0,0,0,15,0,0,7
EGY,Egypt,2020,0,0,0,283,0,0,0,0
SLV,El Salvador,1950,0,0,0,0,0,0,0,0
SLV,El Salvador,1960,0,114,0,0,4,0,0,0
SLV,El Salvador,1970,0,0,0,0,0,0,0,0
SLV,El Salvador,1980,0,2000,0,1800,0,0,0,0
SLV,El Salvador,1990,0,0,0,0,0,0,0,0
SLV,El Salvador,2000,0,812,0,0,0,0,0,0
SLV,El Salvador,2010,0,0,0,1,1,0,0,0
SLV,El Salvador,2020,0,0,0,0,0,0,0,0
ERI,Eritrea,1950,0,0,0,0,0,0,0,0
ERI,Eritrea,1960,0,0,0,0,0,0,0,0
ERI,Eritrea,1970,0,0,0,0,0,0,0,0
ERI,Eritrea,1980,0,0,0,0,0,0,0,0
ERI,Eritrea,1990,0,0,0,0,2,0,0,0
ERI,Eritrea,2000,0,0,0,1,0,0,0,0
ERI,Eritrea,2010,0,0,0,0,0,0,0,0
ERI,Eritrea,2020,0,0,0,0,0,0,0,0
EST,Estonia,1950,0,0,0,0,0,0,0,0
EST,Estonia,1960,0,0,0,0,0,0,0,0
EST,Estonia,1970,0,0,0,0,0,0,0,0
EST,Estonia,1980,0,0,0,0,0,0,0,0
EST,Estonia,1990,0,0,0,0,0,0,0,0
EST,Estonia,2000,0,0,0,0,0,0,0,0
EST,Estonia,2010,0,0,0,0,0,0,0,0
EST,Estonia,2020,0,0,0,0,0,0,0,0
SWZ,Eswatini,1950,0,0,0,0,0,0,0,0
SWZ,Eswatini,1960,0,0,0,0,0,0,0,0
SWZ,Eswatini,1970,0,0,0,0,0,0,0,0
SWZ,Eswatini,1980,0,0,0,0,0,0,0,0
SWZ,Eswatini,1990,0,0,0,0,0,0,0,0
SWZ,Eswatini,2000,0,0,0,0,0,0,0,0
SWZ,Eswatini,2010,0,0,0,0,0,0,0,0
SWZ,Eswatini,2020,0,0,0,0,0,0,0,0
ETH,Ethiopia,1950,0,0,0,0,0,0,0,0
ETH,Ethiopia,1960,0,17,0,0,0,0,0,0
ETH,Ethiopia,1970,0,0,0,0,0,0,0,0
ETH,Ethiopia,1980,0,0,0,0,0,0,0,0
ETH,Ethiopia,1990,0,0,0,4,0,1,0,0
ETH,Ethiopia,2000,0,0,0,13,0,0,1,0
ETH,Ethiopia,2010,0,0,0,8,0,2,0,0
ETH,Ethiopia,2020,0,0,0,0,0,0,0,0
FJI,Fiji,1950,0,0,0,0,80,0,0,0
FJI,Fiji,1960,0,0,0,0,0,0,0,0
FJI,Fiji,1970,0,0,0,0,30,0,0,0
FJI,Fiji,1980,0,0,0,0,26,0,0,0
FJI,Fiji,1990,0,0,0,0,0,0,0,0
FJI,Fiji,2000,0,0,0,0,0,0,0,0
FJI,Fiji,2010,0,0,0,0,14,0,0,0
FJI,Fiji,2020,0,0,0,0,0,0,0,0
FIN,Finland,1950,0,0,0,0,0,0,0,0
FIN,Finland,1960,0,0,0,0,0,0,0,0
FIN,Finland,1970,0,0,0,0,0,0,0,0
FIN,Finland,1980,0,0,0,0,0,0,0,0
FIN,Finland,1990,0,0,0,0,0,0,0,0
FIN,Finland,2000,0,0,0,0,0,0,0,0
FIN,Finland,2010,0,0,0,0,0,0,0,0
FIN,Finland,2020,0,0,0,0,0,0,0,0
FRA,France,1950,0,0,0,0,0,0,0,0
FRA,France,1960,0,8,0,0,0,0,0,0
FRA,France,1970,0,0,0,0,0,4,0,0
FRA,France,1980,0,0,0,3,0,2,15,0
FRA,France,1990,0,0,0,1,5,2,1,0
FRA,France,2000,0,0,0,1,21,0,0,20
FRA,France,2010,0,0,0,10,14,0,1,0
FRA,France,2020,0,0,0,3,36,0,0,0
GUF,French Guiana,1950,0,0,0,0,0,0,0,0
GUF,French Guiana,1960,0,0,0,0,0,0,0,0
GUF,French Guiana,1970,0,0,0,0,0,0,0,0
GUF,French Guiana,1980,0,0,0,0,0,0,0,0
GUF,French Guiana,1990,0,0,0,0,0,0,0,0
GUF,French Guiana,2000,0,0,0,0,0,1,0,0
GUF,French Guiana,2010,0,0,0,0,0,0,0,0
GUF,French Guiana,2020,0,0,0,0,0,0,0,0
PYF,French Polynesia,1950,0,0,0,0,0,0,0,0
PYF,French Polynesia,1960,0,0,0,0,0,0,0,0
PYF,French Polynesia,1970,0,0,0,0,0,0,0,0
PYF,French Polynesia,1980,0,0,0,0,5,0,0,0
PYF,French Polynesia,1990,0,0,0,0,0,1,0,0
PYF,French Polynesia,2000,0,0,0,0,0,0,0,0
PYF,French Polynesia,2010,0,0,0,0,1,0,0,0
PYF,French Polynesia,2020,0,0,0,0,0,0,0,0
GAB,Gabon,1950,0,0,0,0,0,0,0,0
GAB,Gabon,1960,0,0,0,0,0,0,0,0
GAB,Gabon,1970,0,0,0,0,0,0,0,0
GAB,Gabon,1980,0,0,0,0,0,0,0,0
GAB,Gabon,1990,0,0,0,0,0,0,0,0
GAB,Gabon,2000,0,0,0,0,0,0,0,0
GAB,Gabon,2010,0,0,0,0,0,0,0,0
GAB,Gabon,2020,0,0,0,0,0,0,0,0
GMB,Gambia,1950,0,0,0,0,0,0,0,0
GMB,Gambia,1960,0,0,0,0,0,0,0,0
GMB,Gambia,1970,0,0,0,0,0,0,0,0
GMB,Gambia,1980,0,0,0,0,0,0,0,0
GMB,Gambia,1990,0,0,0,0,0,0,0,0
GMB,Gambia,2000,0,0,0,0,13,0,0,0
GMB,Gambia,2010,0,0,0,0,10,0,0,0
GMB,Gambia,2020,0,0,0,0,33,0,0,0
GEO,Georgia,1950,0,0,0,0,0,0,0,0
GEO,Georgia,1960,0,0,0,0,0,0,0,0
GEO,Georgia,1970,0,0,0,0,0,0,0,0
GEO,Georgia,1980,0,0,0,0,0,0,0,0
GEO,Georgia,1990,0,21,0,0,0,0,0,0
GEO,Georgia,2000,0,8,0,0,0,0,0,0
GEO,Georgia,2010,0,0,0,2,2,0,0,0
GEO,Georgia,2020,0,0,0,0,0,0,0,0
DEU,Germany,1950,0,0,0,0,0,0,0,0
DEU,Germany,1960,0,0,0,0,0,0,0,0
DEU,Germany,1970,0,0,0,0,0,0,0,0
DEU,Germany,1980,0,0,0,0,0,0,0,0
DEU,Germany,1990,0,3,0,0,2,0,0,0
DEU,Germany,2000,0,0,0,11,45,0,0,17
DEU,Germany,2010,0,0,0,0,4,0,0,0
DEU,Germany,2020,0,0,0,333,13,0,0,0
GHA,Ghana,1950,0,0,0,0,0,0,0,0
GHA,Ghana,1960,0,0,0,0,0,0,0,0
GHA,Ghana,1970,0,0,0,0,0,0,0,0
GHA,Ghana,1980,0,0,0,0,0,0,0,0
GHA,Ghana,1990,0,0,0,3,0,0,0,0
GHA,Ghana,2000,0,0,0,3,0,0,0,0
GHA,Ghana,2010,0,0,0,3,1,0,0,0
GHA,Ghana,2020,0,0,0,2,0,0,0,0
GRC,Greece,1950,0,286,0,0,0,0,0,0
GRC,Greece,1960,0,70,0,0,0,0,0,0
GRC,Greece,1970,0,10,0,0,0,0,0,0
GRC,Greece,1980,0,75,0,0,0,0,0,0
GRC,Greece,1990,0,224,0,0,0,0,1,0
GRC,Greece,2000,0,31,0,0,1,0,9,18
GRC,Greece,2010,0,16,0,2,12,0,60,0
GRC,Greece,2020,0,17,0,0,0,0,167,0
GRD,Grenada,1950,0,0,0,0,0,0,0,0
GRD,Grenada,1960,0,0,0,0,0,0,0,0
GRD,Grenada,1970,0,0,0,0,0,0,0,0
GRD,Grenada,1980,0,0,0,0,0,0,0,0
GRD,Grenada,1990,0,0,0,0,0,0,0,0
GRD,Grenada,2000,0,0,0,0,0,0,0,0
GRD,Grenada,2010,0,0,0,0,0,0,0,0
GRD,Grenada,2020,0,0,0,0,0,0,0,0
GLP,Guadeloupe,1950,0,0,0,0,0,0,0,0
GLP,Guadeloupe,1960,0,0,0,0,10,0,0,0
GLP,Guadeloupe,1970,0,0,0,0,0,0,0,0
GLP,Guadeloupe,1980,0,0,0,0,8,0,0,0
GLP,Guadeloupe,1990,0,0,0,0,5,0,0,0
GLP,Guadeloupe,2000,0,1,0,0,0,0,0,0
GLP,Guadeloupe,2010,0,0,0,0,0,0,0,0
GLP,Guadeloupe,2020,0,0,0,0,0,0,0,0
GUM,Guam,1950,0,0,0,0,0,0,0,0
GUM,Guam,1960,0,0,0,0,0,0,0,0
GUM,Guam,1970,0,0,0,0,0,0,0,0
GUM,Guam,1980,0,0,0,0,0,0,0,0
GUM,Guam,1990,0,7,0,0,56,0,0,0
GUM,Guam,2000,0,0,0,0,0,0,0,0
GUM,Guam,2010,0,0,0,0,0,0,0,0
GUM,Guam,2020,0,0,0,0,0,0,0,0
GTM,Guatemala,1950,0,0,0,0,0,0,0,0
GTM,Guatemala,1960,0,0,0,0,0,0,0,0
GTM,Guatemala,1970,0,7704,0,0,0,0,0,0
GTM,Guatemala,1980,0,0,4,27,0,0,0,0
GTM,Guatemala,1990,0,13,0,6,0,1,0,0
GTM,Guatemala,2000,0,0,0,4,40,5,0,0
GTM,Guatemala,2010,0,51,3,2,26,8,0,0
GTM,Guatemala,2020,0,1,0,2,14,0,0,0
GIN,Guinea,1950,0,0,0,0,0,0,0,0
GIN,Guinea,1960,0,0,0,0,0,0,0,0
GIN,Guinea,1970,0,0,0,0,0,0,0,0
GIN,Guinea,1980,0,144,0,0,0,0,0,0
GIN,Guinea,1990,0,0,0,0,0,0,0,0
GIN,Guinea,2000,0,0,0,0,0,0,0,0
GIN,Guinea,2010,0,0,0,5,0,1,0,0
GIN,Guinea,2020,0,0,0,9,0,0,0,0
GNB,Guinea-Bissau,1950,0,0,0,0,0,0,0,0
GNB,Guinea-Bissau,1960,0,0,0,0,0,0,0,0
GNB,Guinea-Bissau,1970,0,0,0,0,0,0,0,0
GNB,Guinea-Bissau,1980,0,0,0,0,0,0,0,0
GNB,Guinea-Bissau,1990,0,0,0,0,0,0,0,0
GNB,Guinea-Bissau,2000,0,0,0,0,0,0,0,0
GNB,Guinea-Bissau,2010,0,0,0,0,0,0,0,0
GNB,Guinea-Bissau,2020,0,0,0,0,0,0,0,0
GUY,Guyana,1950,0,0,0,0,0,0,0,0
GUY,Guyana,1960,0,0,0,0,0,0,0,0
GUY,Guyana,1970,0,0,0,0,0,0,0,0
GUY,Guyana,1980,0,0,0,0,0,0,0,0
GUY,Guyana,1990,0,0,0,0,0,0,0,0
GUY,Guyana,2000,0,0,0,0,0,0,0,0
GUY,Guyana,2010,0,0,0,0,0,0,0,0
GUY,Guyana,2020,0,0,0,0,0,0,0,0
HTI,Haiti,1950,0,0,0,0,0,0,0,0
HTI,Haiti,1960,0,0,0,0,88,0,0,0
HTI,Haiti,1970,0,0,0,0,0,0,0,0
HTI,Haiti,1980,0,0,0,81,0,6,0,0
HTI,Haiti,1990,0,0,0,0,3,0,0,0
HTI,Haiti,2000,0,0,0,35,291,0,0,0
HTI,Haiti,2010,0,30042,0,769,56,0,0,0
HTI,Haiti,2020,0,4272,0,0,1,0,0,0
HND,Honduras,1950,0,0,0,0,0,0,0,0
HND,Honduras,1960,0,0,0,0,0,0,0,0
HND,Honduras,1970,0,0,0,0,0,0,0,0
HND,Honduras,1980,0,0,0,0,1,0,0,0
HND,Honduras,1990,0,0,0,0,1202,0,0,0
HND,Honduras,2000,0,15,0,1,0,0,0,0
HND,Honduras,2010,0,0,0,1,0,0,0,0
HND,Honduras,2020,0,0,0,0,0,0,1,0
HKG,Hong Kong,1950,0,0,0,0,11,0,0,0
HKG,Hong Kong,1960,0,0,0,7,52,1,0,0
HKG,Hong Kong,1970,0,0,0,6,99,0,0,0
HKG,Hong Kong,1980,0,0,0,1,66,12,0,1
HKG,Hong Kong,1990,0,0,0,2,107,1,0,0
HKG,Hong Kong,2000,0,0,0,0,29,0,0,0
HKG,Hong Kong,2010,0,0,0,0,43,0,0,0
HKG,Hong Kong,2020,0,0,0,0,12,0,0,0
HUN,Hungary,1950,0,0,0,0,0,0,0,0
HUN,Hungary,1960,0,0,0,0,0,0,0,0
HUN,Hungary,1970,0,0,0,0,0,0,0,0
HUN,Hungary,1980,0,0,0,0,0,0,0,0
HUN,Hungary,1990,0,0,0,0,0,0,0,0
HUN,Hungary,2000,0,0,0,0,30,0,0,50
HUN,Hungary,2010,0,0,0,0,0,0,0,0
HUN,Hungary,2020,0,0,0,0,0,0,0,0
ISL,Iceland,1950,0,0,0,0,0,0,0,0
ISL,Iceland,1960,0,0,0,0,0,0,0,0
ISL,Iceland,1970,0,1,0,0,0,0,0,0
ISL,Iceland,1980,0,0,0,0,0,0,0,0
ISL,Iceland,1990,0,0,0,0,0,2,0,0
ISL,Iceland,2000,0,0,0,0,0,0,0,0
ISL,Iceland,2010,0,0,0,0,0,0,0,0
ISL,Iceland,2020,0,0,0,0,0,0,0,0
IND,India,1950,0,22,0,0,0,0,0,0
IND,India,1960,0,227,0,0,0,0,0,0
IND,India,1970,0,20,0,100,120,1,0,0
IND,India,1980,0,394,0,2,239,0,0,20
IND,India,1990,0,3330,0,13,841,46,0,0
IND,India,2000,0,18035,0,42,534,6,0,5
IND,India,2010,0,115,0,586,100,1,0,45
IND,India,2020,0,3,0,432,184,4,0,0
IDN,Indonesia,1950,0,191,0,0,0,0,0,0
IDN,Indonesia,1960,0,32,206,10,0,0,0,0
IDN,Indonesia,1970,0,576,100,37,6,1,0,0
IDN,Indonesia,1980,0,103,0,10,12,2,0,0
IDN,Indonesia,1990,0,744,3,24988,0,1,8,0
IDN,Indonesia,2000,0,15146,11,130,0,39,40,0
IDN,Indonesia,2010,0,624,1459,450,10,20,0,0
IDN,Indonesia,2020,0,1107,48,34,7,5,0,0
IRN,Iran,1950,0,598,0,0,0,0,0,0
IRN,Iran,1960,0,745,0,7,0,0,0,0
IRN,Iran,1970,0,294,0,0,0,0,0,0
IRN,Iran,1980,0,438,0,0,0,0,0,0
IRN,Iran,1990,0,11286,0,18,9,4,0,0
IRN,Iran,2000,0,2804,0,42,1,0,0,0
IRN,Iran,2010,0,1556,0,128,0,0,0,0
IRN,Iran,2020,0,486,0,17,41,0,0,0
IRQ,Iraq,1950,0,0,0,0,0,0,0,0
IRQ,Iraq,1960,0,0,0,0,0,0,0,0
IRQ,Iraq,1970,0,0,0,0,0,0,0,0
IRQ,Iraq,1980,0,0,0,0,0,0,0,0
IRQ,Iraq,1990,0,0,0,0,0,0,0,0
IRQ,Iraq,2000,0,0,0,2,0,0,0,0
IRQ,Iraq,2010,0,47,0,0,0,0,0,0
IRQ,Iraq,2020,0,0,0,1,1667,0,0,0
IRL,Ireland,1950,0,0,0,0,0,0,0,0
IRL,Ireland,1960,0,0,0,0,0,0,0,0
IRL,Ireland,1970,0,0,0,0,0,0,0,0
IRL,Ireland,1980,0,0,0,0,0,0,0,0
IRL,Ireland,1990,0,0,0,0,0,0,0,0
IRL,Ireland,2000,0,0,0,0,0,0,0,0
IRL,Ireland,2010,0,0,0,0,0,0,0,0
IRL,Ireland,2020,0,0,0,0,0,0,0,0
IMN,Isle of Man,1950,0,0,0,0,0,0,0,0
IMN,Isle of Man,1960,0,0,0,0,0,0,0,0
IMN,Isle of Man,1970,0,0,0,0,0,0,0,0
IMN,Isle of Man,1980,0,0,0,0,0,0,0,0
IMN,Isle of Man,1990,0,0,0,0,0,0,0,0
IMN,Isle of Man,2000,0,0,0,0,0,0,0,0
IMN,Isle of Man,2010,0,0,0,0,0,0,0,0
IMN,Isle of Man,2020,0,0,0,0,0,0,0,0
ISR,Israel,1950,0,0,0,0,0,0,0,0
ISR,Israel,1960,0,0,0,0,0,0,0,0
ISR,Israel,1970,0,0,0,0,0,0,0,0
ISR,Israel,1980,0,0,0,0,0,0,0,0
ISR,Israel,1990,0,0,0,0,0,0,4,0
ISR,Israel,2000,0,0,0,0,0,0,0,0
ISR,Israel,2010,0,0,0,0,320,0,16,0
ISR,Israel,2020,0,0,0,0,0,0,0,0
ITA,Italy,1950,0,0,0,0,0,0,0,0
ITA,Italy,1960,0,56,0,0,0,0,0,0
ITA,Italy,1970,0,185,2,0,2,0,0,0
ITA,Italy,1980,0,812,0,3,0,19,2,0
ITA,Italy,1990,0,32,0,0,10,0,0,0
ITA,Italy,2000,0,104,0,18,0,1,0,0
ITA,Italy,2010,0,90,3,0,1,0,0,0
ITA,Italy,2020,0,0,0,0,12,1,0,0
JAM,Jamaica,1950,0,0,0,0,20,0,0,0
JAM,Jamaica,1960,0,0,0,0,0,0,0,0
JAM,Jamaica,1970,0,0,0,0,1,0,0,0
JAM,Jamaica,1980,0,0,0,0,1,0,0,0
JAM,Jamaica,1990,0,0,0,0,0,0,0,0
JAM,Jamaica,2000,0,0,0,0,1,0,0,0
JAM,Jamaica,2010,0,0,0,0,3,0,0,0
JAM,Jamaica,2020,0,0,0,0,0,0,0,0
JPN,Japan,1950,0,22,0,0,0,0,0,0
JPN,Japan,1960,0,66,0,3,132,0,0,0
JPN,Japan,1970,0,73,0,5,35,0,0,0
JPN,Japan,1980,0,34,0,35,103,9,0,0
JPN,Japan,1990,0,3730,2,14,300,9,0,0
JPN,Japan,2000,0,809,0,17,450,0,0,330
JPN,Japan,2010,0,975,7,18,1172,7,0,18191
JPN,Japan,2020,0,126,0,38,199,0,0,4767
JOR,Jordan,1950,0,0,0,0,0,0,0,0
JOR,Jordan,1960,0,0,0,9,0,0,0,0
JOR,Jordan,1970,0,0,0,0,0,0,0,0
JOR,Jordan,1980,0,0,0,3,0,0,0,0
JOR,Jordan,1990,0,0,0,0,0,0,0,0
JOR,Jordan,2000,0,0,0,0,23,0,0,1
JOR,Jordan,2010,0,0,0,6,0,0,0,0
JOR,Jordan,2020,0,0,0,0,0,0,0,0
KAZ,Kazakhstan,1950,0,0,0,0,0,0,0,0
KAZ,Kazakhstan,1960,0,0,0,0,0,0,0,0
KAZ,Kazakhstan,1970,0,0,0,0,0,0,0,0
KAZ,Kazakhstan,1980,0,0,0,0,0,0,0,0
KAZ,Kazakhstan,1990,0,0,0,0,0,0,0,0
KAZ,Kazakhstan,2000,0,63,0,0,0,0,0,1
KAZ,Kazakhstan,2010,0,0,0,71,0,0,0,0
KAZ,Kazakhstan,2020,0,0,0,0,0,0,0,0
KEN,Kenya,1950,0,0,0,0,0,0,0,0
KEN,Kenya,1960,0,0,0,0,0,0,0,0
KEN,Kenya,1970,0,0,0,0,0,0,0,0
KEN,Kenya,1980,0,0,0,0,0,0,0,0
KEN,Kenya,1990,0,0,0,0,0,0,0,0
KEN,Kenya,2000,0,0,0,1,0,3,0,0
KEN,Kenya,2010,0,0,0,13,0,0,0,0
KEN,Kenya,2020,0,0,0,0,0,0,0,0
KIR,Kiribati,1950,0,0,0,0,0,0,0,0
KIR,Kiribati,1960,0,0,0,0,0,0,0,0
KIR,Kiribati,1970,0,0,0,0,0,0,0,0
KIR,Kiribati,1980,0,0,0,0,0,0,0,0
KIR,Kiribati,1990,0,0,0,0,0,0,0,0
KIR,Kiribati,2000,0,0,0,0,0,0,0,0
KIR,Kiribati,2010,0,0,0,0,0,0,0,0
KIR,Kiribati,2020,0,0,0,0,0,0,0,0
KWT,Kuwait,1950,0,0,0,0,0,0,0,0
KWT,Kuwait,1960,0,0,0,0,0,0,0,0
KWT,Kuwait,1970,0,0,0,0,0,0,0,0
KWT,Kuwait,1980,0,0,0,0,0,0,0,0
KWT,Kuwait,1990,0,0,0,0,0,0,0,0
KWT,Kuwait,2000,0,0,0,0,0,0,0,0
KWT,Kuwait,2010,0,0,0,0,0,0,0,0
KWT,Kuwait,2020,0,0,0,0,0,0,0,0
KGZ,Kyrgyzstan,1950,0,0,0,0,0,0,0,0
KGZ,Kyrgyzstan,1960,0,0,0,0,0,0,0,0
KGZ,Kyrgyzstan,1970,0,0,0,0,0,0,0,0
KGZ,Kyrgyzstan,1980,0,0,0,0,0,0,0,0
KGZ,Kyrgyzstan,1990,0,10,0,0,0,0,0,0
KGZ,Kyrgyzstan,2000,0,14,0,0,0,2,0,0
KGZ,Kyrgyzstan,2010,0,0,0,0,0,0,0,5
KGZ,Kyrgyzstan,2020,0,0,0,0,0,0,0,0
LAO,Laos,1950,0,0,0,0,0,0,0,0
LAO,Laos,1960,0,0,0,0,0,0,0,0
LAO,Laos,1970,0,0,0,0,0,0,0,0
LAO,Laos,1980,0,0,0,0,0,0,0,0
LAO,Laos,1990,0,0,0,15,22,0,0,0
LAO,Laos,2000,0,0,0,0,9,0,0,0
LAO,Laos,2010,0,0,0,8,0,0,0,0
LAO,Laos,2020,0,0,0,1,0,0,0,0
LVA,Latvia,1950,0,0,0,0,0,0,0,0
LVA,Latvia,1960,0,0,0,0,0,0,0,0
LVA,Latvia,1970,0,0,0,0,0,0,0,0
LVA,Latvia,1980,0,0,0,0,0,0,0,0
LVA,Latvia,1990,0,0,0,0,0,0,0,0
LVA,Latvia,2000,0,0,0,0,0,0,0,0
LVA,Latvia,2010,0,0,0,0,0,0,0,0
LVA,Latvia,2020,0,0,0,0,0,0,0,0
LBN,Lebanon,1950,0,20,0,0,0,0,0,0
LBN,Lebanon,1960,0,0,0,0,0,0,0,0
LBN,Lebanon,1970,0,0,0,0,0,0,0,0
LBN,Lebanon,1980,0,0,0,0,0,0,0,0
LBN,Lebanon,1990,0,0,0,0,8,0,0,0
LBN,Lebanon,2000,0,0,0,0,0,0,2,0
LBN,Lebanon,2010,0,0,0,0,76,0,0,0
LBN,Lebanon,2020,0,0,0,0,0,0,0,0
LSO,Lesotho,1950,0,0,0,0,0,0,0,0
LSO,Lesotho,1960,0,0,0,0,0,0,0,0
LSO,Lesotho,1970,0,0,0,0,0,0,0,0
LSO,Lesotho,1980,0,0,0,0,0,0,0,0
LSO,Lesotho,1990,0,0,0,0,0,0,0,0
LSO,Lesotho,2000,0,0,0,0,0,0,0,0
LSO,Lesotho,2010,0,0,0,0,0,0,0,0
LSO,Lesotho,2020,0,0,0,0,0,0,0,0
LBR,Liberia,1950,0,0,0,0,0,0,0,0
LBR,Liberia,1960,0,0,0,0,0,0,0,0
LBR,Liberia,1970,0,0,0,0,0,0,0,0
LBR,Liberia,1980,0,0,0,0,0,0,0,0
LBR,Liberia,1990,0,0,0,0,0,0,0,0
LBR,Liberia,2000,0,0,0,0,0,0,0,0
LBR,Liberia,2010,0,0,0,0,0,0,0,0
LBR,Liberia,2020,0,0,0,0,0,0,0,0
LBY,Libya,1950,0,0,0,0,0,0,0,0
LBY,Libya,1960,0,38,0,0,0,0,0,0
LBY,Libya,1970,0,0,0,0,0,0,0,0
LBY,Libya,1980,0,0,0,0,0,0,0,0
LBY,Libya,1990,0,0,0,0,0,0,0,0
LBY,Libya,2000,0,0,0,0,0,0,0,0
LBY,Libya,2010,0,0,0,3,0,0,0,0
LBY,Libya,2020,0,0,0,0,0,0,0,0
LTU,Lithuania,1950,0,0,0,0,0,0,0,0
LTU,Lithuania,1960,0,0,0,0,0,0,0,0
LTU,Lithuania,1970,0,0,0,0,0,0,0,0
LTU,Lithuania,1980,0,0,0,0,0,0,0,0
LTU,Lithuania,1990,0,0,0,0,0,0,0,0
LTU,Lithuania,2000,0,0,0,0,0,0,0,0
LTU,Lithuania,2010,0,0,0,0,0,0,0,0
LTU,Lithuania,2020,0,0,0,0,0,0,0,0
LUX,Luxembourg,1950,0,0,0,0,0,0,0,0
LUX,Luxembourg,1960,0,0,0,0,0,0,0,0
LUX,Luxembourg,1970,0,0,0,0,0,0,0,0
LUX,Luxembourg,1980,0,0,0,0,0,0,0,0
LUX,Luxembourg,1990,0,0,0,0,0,0,0,0
LUX,Luxembourg,2000,0,0,0,0,0,0,0,0
LUX,Luxembourg,2010,0,0,0,0,2,0,0,0
LUX,Luxembourg,2020,0,0,0,0,0,0,0,0
MAC,Macao,1950,0,0,0,0,0,0,0,0
MAC,Macao,1960,0,0,0,0,0,0,0,0
MAC,Macao,1970,0,0,0,0,0,0,0,0
MAC,Macao,1980,0,0,0,0,0,0,0,0
MAC,Macao,1990,0,0,0,0,4,0,0,0
MAC,Macao,2000,0,0,0,0,0,0,0,0
MAC,Macao,2010,0,0,0,0,20,0,0,0
MAC,Macao,2020,0,0,0,0,0,0,0,0
MDG,Madagascar,1950,0,0,0,0,0,0,0,0
MDG,Madagascar,1960,0,0,0,0,4,0,0,0
MDG,Madagascar,1970,0,0,0,0,13,0,0,0
MDG,Madagascar,1980,0,0,0,0,64,0,0,0
MDG,Madagascar,1990,0,0,0,0,5,0,0,0
MDG,Madagascar,2000,0,0,0,2,288,0,0,0
MDG,Madagascar,2010,0,0,0,0,721,0,0,0
MDG,Madagascar,2020,0,0,0,1,0,0,0,0
MWI,Malawi,1950,0,0,0,0,0,0,0,0
MWI,Malawi,1960,0,0,0,0,0,0,0,0
MWI,Malawi,1970,0,0,0,0,0,0,0,0
MWI,Malawi,1980,0,10,0,0,0,0,0,0
MWI,Malawi,1990,0,0,0,0,0,0,0,0
MWI,Malawi,2000,0,19,0,0,1,0,0,0
MWI,Malawi,2010,0,0,0,132,0,1,0,0
MWI,Malawi,2020,0,0,0,0,86,0,0,0
MYS,Malaysia,1950,0,0,0,0,0,0,0,0
MYS,Malaysia,1960,0,0,0,0,0,0,0,0
MYS,Malaysia,1970,0,0,0,0,0,0,0,0
MYS,Malaysia,1980,0,0,0,0,0,0,0,0
MYS,Malaysia,1990,0,0,0,0,3,4,0,0
MYS,Malaysia,2000,0,77,0,0,0,0,0,0
MYS,Malaysia,2010,0,1,0,0,0,1,0,0
MYS,Malaysia,2020,0,0,0,1,0,0,0,0
MDV,Maldives,1950,0,0,0,0,0,0,0,0
MDV,Maldives,1960,0,0,0,0,0,0,0,0
MDV,Maldives,1970,0,0,0,0,0,0,0,0
MDV,Maldives,1980,0,0,0,0,0,0,0,0
MDV,Maldives,1990,0,0,0,0,0,0,0,0
MDV,Maldives,2000,0,221,0,0,0,0,0,0
MDV,Maldives,2010,0,0,0,0,0,0,0,0
MDV,Maldives,2020,0,0,0,0,0,0,0,0
MLI,Mali,1950,0,0,0,0,0,0,0,0
MLI,Mali,1960,0,0,0,0,0,0,0,0
MLI,Mali,1970,0,0,0,0,0,0,0,0
MLI,Mali,1980,0,0,0,0,0,0,0,0
MLI,Mali,1990,0,0,0,0,0,0,0,0
MLI,Mali,2000,0,0,0,5,0,0,0,0
MLI,Mali,2010,0,0,0,0,0,0,0,0
MLI,Mali,2020,0,0,0,4,0,0,0,0
MHL,Marshall Islands,1950,0,0,0,0,0,0,0,0
MHL,Marshall Islands,1960,0,0,0,0,0,0,0,0
MHL,Marshall Islands,1970,0,0,0,0,0,0,0,0
MHL,Marshall Islands,1980,0,0,0,0,0,0,0,0
MHL,Marshall Islands,1990,0,0,0,0,0,0,0,0
MHL,Marshall Islands,2000,0,0,0,0,0,0,0,0
MHL,Marshall Islands,2010,0,0,0,0,0,0,0,0
MHL,Marshall Islands,2020,0,0,0,0,0,0,0,0
MTQ,Martinique,1950,0,0,0,0,0,0,0,0
MTQ,Martinique,1960,0,0,0,0,0,0,0,0
MTQ,Martinique,1970,0,0,0,0,0,0,0,0
MTQ,Martinique,1980,0,0,0,0,0,0,0,0
MTQ,Martinique,1990,0,0,0,0,1,0,0,0
MTQ,Martinique,2000,0,10,0,0,1,0,0,0
MTQ,Martinique,2010,0,0,0,0,0,0,0,0
MTQ,Martinique,2020,0,0,0,0,0,0,0,0
MRT,Mauritania,1950,0,0,0,0,0,0,0,0
MRT,Mauritania,1960,0,0,0,0,0,0,0,0
MRT,Mauritania,1970,0,0,0,0,0,0,0,0
MRT,Mauritania,1980,0,0,0,0,0,0,0,0
MRT,Mauritania,1990,0,0,0,0,32,0,0,0
MRT,Mauritania,2000,0,0,0,2,0,0,0,0
MRT,Mauritania,2010,0,0,0,0,4,0,0,0
MRT,Mauritania,2020,0,0,0,0,0,0,0,0
MUS,Mauritius,1950,0,0,0,0,0,0,0,0
MUS,Mauritius,1960,0,0,0,0,2,0,0,0
MUS,Mauritius,1970,0,0,0,0,33,0,0,0
MUS,Mauritius,1980,0,0,0,0,51,0,0,0
MUS,Mauritius,1990,0,0,0,0,100,0,0,0
MUS,Mauritius,2000,0,0,0,0,5,0,0,0
MUS,Mauritius,2010,0,0,0,8,0,0,0,0
MUS,Mauritius,2020,0,0,0,0,0,0,0,0
MEX,Mexico,1950,0,30,0,0,0,0,0,0
MEX,Mexico,1960,0,50,0,0,7,0,0,0
MEX,Mexico,1970,0,53,0,10,140,0,0,0
MEX,Mexico,1980,0,3121,50,21,0,0,0,0
MEX,Mexico,1990,0,54,0,26,28,0,0,0
MEX,Mexico,2000,0,107,0,10,23,0,0,0
MEX,Mexico,2010,0,650,0,0,59,0,0,0
MEX,Mexico,2020,0,13,0,0,1,0,0,0
FSM,Micronesia (country),1950,0,0,0,0,0,0,0,0
FSM,Micronesia (country),1960,0,0,0,0,0,0,0,0
FSM,Micronesia (country),1970,0,0,0,0,0,0,0,0
FSM,Micronesia (country),1980,0,0,0,0,0,0,0,0
FSM,Micronesia (country),1990,0,0,0,0,0,0,0,0
FSM,Micronesia (country),2000,0,0,0,0,16,0,0,0
FSM,Micronesia (country),2010,0,0,0,0,0,0,0,0
FSM,Micronesia (country),2020,0,0,0,0,0,0,0,0
MDA,Moldova,1950,0,0,0,0,0,0,0,0
MDA,Moldova,1960,0,0,0,0,0,0,0,0
MDA,Moldova,1970,0,0,0,0,0,0,0,0
MDA,Moldova,1980,0,0,0,0,0,0,0,0
MDA,Moldova,1990,0,0,0,0,8,0,0,0
MDA,Moldova,2000,0,0,0,0,0,0,0,0
MDA,Moldova,2010,0,0,0,0,0,0,0,0
MDA,Moldova,2020,0,0,0,0,0,0,0,0
MNG,Mongolia,1950,0,0,0,0,0,0,0,0
MNG,Mongolia,1960,0,0,0,0,0,0,0,0
MNG,Mongolia,1970,0,0,0,0,0,0,0,0
MNG,Mongolia,1980,0,0,0,0,0,0,0,0
MNG,Mongolia,1990,0,0,0,0,0,0,6,0
MNG,Mongolia,2000,0,0,0,0,0,0,0,1
MNG,Mongolia,2010,0,0,0,0,0,0,0,0
MNG,Mongolia,2020,0,0,0,0,0,0,0,0
MNE,Montenegro,1950,0,0,0,0,0,0,0,0
MNE,Montenegro,1960,0,0,0,0,0,0,0,0
MNE,Montenegro,1970,0,0,0,0,0,0,0,0
MNE,Montenegro,1980,0,0,0,0,0,0,0,0
MNE,Montenegro,1990,0,0,0,0,0,0,0,0
MNE,Montenegro,2000,0,0,0,0,0,0,0,0
MNE,Montenegro,2010,0,0,0,0,0,0,0,0
MNE,Montenegro,2020,0,0,0,0,0,0,0,0
MSR,Montserrat,1950,0,0,0,0,0,0,0,0
MSR,Montserrat,1960,0,0,0,0,0,0,0,0
MSR,Montserrat,1970,0,0,0,0,0,0,0,0
MSR,Montserrat,1980,0,0,0,0,4,0,0,0
MSR,Montserrat,1990,0,0,0,0,0,0,0,0
MSR,Montserrat,2000,0,0,0,0,0,0,0,0
MSR,Montserrat,2010,0,0,0,0,0,0,0,0
MSR,Montserrat,2020,0,0,0,0,0,0,0,0
MAR,Morocco,1950,0,0,0,0,0,0,0,0
MAR,Morocco,1960,0,2500,0,1,0,0,0,0
MAR,Morocco,1970,0,0,0,0,0,0,0,0
MAR,Morocco,1980,0,0,0,0,0,0,0,0
MAR,Morocco,1990,0,0,0,0,0,0,0,0
MAR,Morocco,2000,0,93,0,4,0,0,0,0
MAR,Morocco,2010,0,0,0,4,0,0,0,0
MAR,Morocco,2020,0,0,0,3,0,0,0,0
MOZ,Mozambique,1950,0,0,0,0,0,0,0,0
MOZ,Mozambique,1960,0,0,0,0,0,0,0,0
MOZ,Mozambique,1970,0,0,0,0,5,0,0,0
MOZ,Mozambique,1980,0,0,0,0,0,0,0,0
MOZ,Mozambique,1990,0,0,0,0,200,0,0,0
MOZ,Mozambique,2000,0,4,0,2,12,0,2,0
MOZ,Mozambique,2010,0,0,0,14,195,0,0,0
MOZ,Mozambique,2020,0,0,0,0,110,0,0,0
MMR,Myanmar,1950,0,0,0,0,0,0,0,0
MMR,Myanmar,1960,0,0,0,0,20,0,0,0
MMR,Myanmar,1970,0,0,0,0,0,0,0,0
MMR,Myanmar,1980,0,0,0,0,0,0,0,0
MMR,Myanmar,1990,0,0,0,0,0,0,0,0
MMR,Myanmar,2000,0,0,0,11,2003,2,0,0
MMR,Myanmar,2010,0,36,0,0,9,6,0,0
MMR,Myanmar,2020,0,0,0,0,0,18,0,0
NAM,Namibia,1950,0,0,0,0,0,0,0,0
NAM,Namibia,1960,0,0,0,0,0,0,0,0
NAM,Namibia,1970,0,0,0,0,0,0,0,0
NAM,Namibia,1980,0,0,0,0,0,0,0,0
NAM,Namibia,1990,0,0,0,0,0,0,0,0
NAM,Namibia,2000,0,0,0,0,0,0,0,0
NAM,Namibia,2010,0,0,0,0,0,0,0,0
NAM,Namibia,2020,0,0,0,0,0,0,0,0
NPL,Nepal,1950,0,0,0,0,0,0,0,0
NPL,Nepal,1960,0,10,0,0,0,0,0,0
NPL,Nepal,1970,0,0,0,5,0,0,0,0
NPL,Nepal,1980,0,662,0,11,0,0,0,0
NPL,Nepal,1990,0,6,0,50,2,2,0,0
NPL,Nepal,2000,0,0,0,48,0,11,0,20
NPL,Nepal,2010,0,2045,0,48,79,4,0,0
NPL,Nepal,2020,0,3,0,130,10,0,0,0
NLD,Netherlands,1950,0,0,0,0,0,0,0,0
NLD,Netherlands,1960,0,0,0,0,0,0,0,0
NLD,Netherlands,1970,0,0,0,0,0,0,0,0
NLD,Netherlands,1980,0,0,0,0,0,0,0,0
NLD,Netherlands,1990,0,2,0,0,4,0,0,0
NLD,Netherlands,2000,0,0,0,0,0,0,0,0
NLD,Netherlands,2010,0,0,0,0,0,0,0,0
NLD,Netherlands,2020,0,0,0,0,1,0,0,0
NCL,New Caledonia,1950,0,0,0,0,0,0,0,0
NCL,New Caledonia,1960,0,0,0,0,0,0,0,0
NCL,New Caledonia,1970,0,0,0,0,0,0,0,0
NCL,New Caledonia,1980,0,0,0,0,0,0,0,0
NCL,New Caledonia,1990,0,0,0,0,0,0,0,0
NCL,New Caledonia,2000,0,0,0,0,10,0,0,0
NCL,New Caledonia,2010,0,0,0,0,0,0,0,0
NCL,New Caledonia,2020,0,0,0,0,0,0,0,0
NZL,New Zealand,1950,0,0,0,0,0,0,0,0
NZL,New Zealand,1960,0,1,0,0,0,0,0,0
NZL,New Zealand,1970,0,0,0,0,0,0,0,0
NZL,New Zealand,1980,0,3,0,0,0,0,0,0
NZL,New Zealand,1990,0,0,0,0,0,0,0,0
NZL,New Zealand,2000,0,0,0,0,0,0,0,0
NZL,New Zealand,2010,0,160,2,0,1,0,0,0
NZL,New Zealand,2020,0,0,0,0,0,0,0,0
NIC,Nicaragua,1950,0,0,0,0,0,0,0,0
NIC,Nicaragua,1960,0,0,0,0,0,0,0,0
NIC,Nicaragua,1970,0,2000,0,0,5,0,0,0
NIC,Nicaragua,1980,0,0,0,0,28,0,0,0
NIC,Nicaragua,1990,0,49,8,0,23,0,0,0
NIC,Nicaragua,2000,0,4,0,0,0,2,0,0
NIC,Nicaragua,2010,0,27,0,2,0,0,0,0
NIC,Nicaragua,2020,0,0,0,0,4,0,0,0
NER,Niger,1950,0,0,0,0,0,0,0,0
NER,Niger,1960,0,0,0,0,0,0,0,0
NER,Niger,1970,0,0,0,0,0,0,0,0
NER,Niger,1980,0,0,0,0,0,0,0,0
NER,Niger,1990,0,0,0,0,0,0,0,0
NER,Niger,2000,0,0,0,1,0,0,0,0
NER,Niger,2010,0,0,0,3,0,0,0,0
NER,Niger,2020,0,0,0,86,0,0,0,0
NGA,Nigeria,1950,0,0,0,0,0,0,0,0
NGA,Nigeria,1960,0,0,0,0,0,0,0,0
NGA,Nigeria,1970,0,0,0,0,0,0,0,0
NGA,Nigeria,1980,0,0,0,0,0,0,0,0
NGA,Nigeria,1990,0,0,0,0,0,0,0,0
NGA,Nigeria,2000,0,0,0,65,0,0,0,0
NGA,Nigeria,2010,0,0,0,269,1,0,0,0
NGA,Nigeria,2020,0,0,0,1108,0,0,0,0
NIU,Niue,1950,0,0,0,0,0,0,0,0
NIU,Niue,1960,0,0,0,0,0,0,0,0
NIU,Niue,1970,0,0,0,0,0,0,0,0
NIU,Niue,1980,0,0,0,0,0,0,0,0
NIU,Niue,1990,0,0,0,0,0,0,0,0
NIU,Niue,2000,0,0,0,0,0,0,0,0
NIU,Niue,2010,0,0,0,0,0,0,0,0
NIU,Niue,2020,0,0,0,0,0,0,0,0
PRK,North Korea,1950,0,0,0,0,0,0,0,0
PRK,North Korea,1960,0,0,0,0,0,0,0,0
PRK,North Korea,1970,0,0,0,0,0,0,0,0
PRK,North Korea,1980,0,0,0,7,0,0,0,0
PRK,North Korea,1990,0,0,0,27,0,0,0,0
PRK,North Korea,2000,0,0,0,126,18,0,0,0
PRK,North Korea,2010,0,0,0,15,89,0,0,0
PRK,North Korea,2020,0,0,0,0,0,0,0,0
MKD,North Macedonia,1950,0,0,0,0,0,0,0,0
MKD,North Macedonia,1960,0,0,0,0,0,0,0,0
MKD,North Macedonia,1970,0,0,0,0,0,0,0,0
MKD,North Macedonia,1980,0,0,0,0,0,0,0,0
MKD,North Macedonia,1990,0,0,0,0,0,0,0,0
MKD,North Macedonia,2000,0,0,0,0,0,0,0,0
MKD,North Macedonia,2010,0,10,0,9,0,0,0,0
MKD,North Macedonia,2020,0,0,0,0,0,0,0,0
MNP,Northern Mariana Islands,1950,0,0,0,0,0,0,0,0
MNP,Northern Mariana Islands,1960,0,0,0,0,0,0,0,0
MNP,Northern Mariana Islands,1970,0,0,0,0,0,0,0,0
MNP,Northern Mariana Islands,1980,0,0,0,0,0,0,0,0
MNP,Northern Mariana Islands,1990,0,0,0,0,0,0,0,0
MNP,Northern Mariana Islands,2000,0,0,0,0,0,0,0,0
MNP,Northern Mariana Islands,2010,0,0,0,0,1,0,0,0
MNP,Northern Mariana Islands,2020,0,0,0,0,0,0,0,0
NOR,Norway,1950,0,0,0,0,0,0,0,0
NOR,Norway,1960,0,0,0,0,0,0,0,0
NOR,Norway,1970,0,0,0,0,0,0,0,0
NOR,Norway,1980,0,0,0,0,0,0,0,0
NOR,Norway,1990,0,0,0,0,0,0,0,0
NOR,Norway,2000,0,0,0,0,10,0,0,0
NOR,Norway,2010,0,0,0,0,0,0,0,0
NOR,Norway,2020,0,0,0,0,0,3,0,0
OMN,Oman,1950,0,0,0,0,0,0,0,0
OMN,Oman,1960,0,0,0,0,0,0,0,0
OMN,Oman,1970,0,0,0,0,10,0,0,0
OMN,Oman,1980,0,0,0,0,0,0,0,0
OMN,Oman,1990,0,0,0,0,0,0,0,0
OMN,Oman,2000,0,0,0,0,3,0,0,0
OMN,Oman,2010,0,0,0,0,20,0,0,0
OMN,Oman,2020,0,0,0,0,0,0,0,0
PAK,Pakistan,1950,0,0,0,0,0,0,0,0
PAK,Pakistan,1960,0,0,0,0,0,0,0,0
PAK,Pakistan,1970,0,1500,0,0,0,0,0,0
PAK,Pakistan,1980,0,206,0,0,87,10,0,0
PAK,Pakistan,1990,0,108,0,12,24,1,0,0
PAK,Pakistan,2000,0,12890,0,196,7,2,0,32
PAK,Pakistan,2010,0,344,0,987,52,8,0,0
PAK,Pakistan,2020,0,100,0,4406,44,0,1,0
PLW,Palau,1950,0,0,0,0,0,0,0,0
PLW,Palau,1960,0,0,0,0,0,0,0,0
PLW,Palau,1970,0,0,0,0,0,0,0,0
PLW,Palau,1980,0,0,0,0,0,0,0,0
PLW,Palau,1990,0,0,0,0,0,0,0,0
PLW,Palau,2000,0,0,0,0,0,0,0,0
PLW,Palau,2010,0,0,0,0,0,0,0,0
PLW,Palau,2020,0,0,0,0,0,0,0,0
PSE,Palestine,1950,0,0,0,0,0,0,0,0
PSE,Palestine,1960,0,0,0,0,0,0,0,0
PSE,Palestine,1970,0,0,0,0,0,0,0,0
PSE,Palestine,1980,0,0,0,0,0,0,0,0
PSE,Palestine,1990,0,0,0,0,0,0,0,0
PSE,Palestine,2000,0,0,0,0,0,0,0,0
PSE,Palestine,2010,0,0,0,0,10,0,0,0
PSE,Palestine,2020,0,0,0,0,0,0,0,0
PAN,Panama,1950,0,0,0,0,0,0,0,0
PAN,Panama,1960,0,0,0,0,2,0,0,0
PAN,Panama,1970,0,0,0,50,0,0,0,0
PAN,Panama,1980,0,0,0,0,0,0,0,0
PAN,Panama,1990,0,60,0,6,5,0,0,0
PAN,Panama,2000,0,8,0,1,0,0,0,0
PAN,Panama,2010,0,0,0,33,0,0,0,0
PAN,Panama,2020,0,0,0,0,0,0,0,0
PNG,Papua New Guinea,1950,0,0,0,0,0,0,0,0
PNG,Papua New Guinea,1960,0,0,0,0,0,0,0,0
PNG,Papua New Guinea,1970,0,2,0,0,0,0,0,0
PNG,Papua New Guinea,1980,0,0,0,0,0,0,0,0
PNG,Papua New Guinea,1990,0,87,3,0,4,1,0,0
PNG,Papua New Guinea,2000,0,7,0,0,0,3,0,0
PNG,Papua New Guinea,2010,0,30,0,0,0,0,0,0
PNG,Papua New Guinea,2020,0,8,0,0,0,0,0,0
PRY,Paraguay,1950,0,0,0,0,0,0,0,0
PRY,Paraguay,1960,0,0,0,0,0,0,0,0
PRY,Paraguay,1970,0,0,0,0,0,0,0,0
PRY,Paraguay,1980,0,0,0,0,0,0,0,0
PRY,Paraguay,1990,0,0,0,0,8,0,0,0
PRY,Paraguay,2000,0,0,0,0,0,0,0,0
PRY,Paraguay,2010,0,0,0,0,13,0,0,0
PRY,Paraguay,2020,0,0,0,0,0,0,0,0
PER,Peru,1950,0,22,0,0,0,0,0,0
PER,Peru,1960,0,204,0,30,0,0,0,0
PER,Peru,1970,0,14700,0,5,0,0,0,0
PER,Peru,1980,0,30,0,52,0,7,0,0
PER,Peru,1990,0,228,0,133,73,1,0,0
PER,Peru,2000,0,416,0,48,0,3,0,182426
PER,Peru,2010,0,52,0,116,0,8,0,0
PER,Peru,2020,0,242,0,8,0,4,0,0
PHL,Philippines,1950,0,210,0,0,45,0,0,0
PHL,Philippines,1960,0,26,79,0,142,0,0,0
PHL,Philippines,1970,0,664,0,0,684,1,0,0
PHL,Philippines,1980,0,20,0,37,635,21,0,0
PHL,Philippines,1990,0,375,20,14,861,2,0,0
PHL,Philippines,2000,0,10,0,12,673,19,0,0
PHL,Philippines,2010,0,359,0,29,4144,4,0,0
PHL,Philippines,2020,0,153,0,0,754,4,0,0
POL,Poland,1950,0,0,0,0,0,0,0,0
POL,Poland,1960,0,0,0,0,0,0,0,0
POL,Poland,1970,0,0,0,0,0,0,0,0
POL,Poland,1980,0,0,0,0,0,0,0,0
POL,Poland,1990,0,0,0,0,0,0,0,0
POL,Poland,2000,0,0,0,0,9,0,0,0
POL,Poland,2010,0,0,0,0,28,0,0,0
POL,Poland,2020,0,0,0,0,11,0,0,0
PRT,Portugal,1950,0,0,0,0,0,0,0,0
PRT,Portugal,1960,0,8,0,10,0,0,0,0
PRT,Portugal,1970,0,0,0,22,0,0,0,0
PRT,Portugal,1980,0,60,0,0,0,0,5,0
PRT,Portugal,1990,0,10,0,0,0,1,0,0
PRT,Portugal,2000,0,0,0,0,1,0,14,0
PRT,Portugal,2010,0,0,0,2,5,0,55,0
PRT,Portugal,2020,0,0,0,0,0,0,62,0
PRI,Puerto Rico,1950,0,0,0,0,0,0,0,0
PRI,Puerto Rico,1960,0,0,0,0,0,0,0,0
PRI,Puerto Rico,1970,0,0,0,0,0,0,0,0
PRI,Puerto Rico,1980,0,0,0,0,0,0,0,0
PRI,Puerto Rico,1990,0,0,0,0,0,0,0,0
PRI,Puerto Rico,2000,0,0,0,0,0,0,0,0
PRI,Puerto Rico,2010,0,0,0,0,0,0,0,0
PRI,Puerto Rico,2020,0,3,0,0,0,0,0,0
QAT,Qatar,1950,0,0,0,0,0,0,0,0
QAT,Qatar,1960,0,0,0,0,0,0,0,0
QAT,Qatar,1970,0,0,0,0,0,0,0,0
QAT,Qatar,1980,0,0,0,0,0,0,0,0
QAT,Qatar,1990,0,0,0,0,0,0,0,0
QAT,Qatar,2000,0,0,0,0,0,0,0,0
QAT,Qatar,2010,0,0,0,0,0,0,0,0
QAT,Qatar,2020,0,0,0,0,0,0,0,0
REU,Reunion,1950,0,0,0,0,0,0,0,0
REU,Reunion,1960,0,0,0,0,0,0,0,0
REU,Reunion,1970,0,0,0,0,0,0,0,0
REU,Reunion,1980,0,0,0,0,6,0,0,0
REU,Reunion,1990,0,0,0,0,0,0,0,0
REU,Reunion,2000,0,0,0,0,39,0,0,0
REU,Reunion,2010,0,0,0,0,2,0,0,0
REU,Reunion,2020,0,0,0,0,4,0,0,0
ROU,Romania,1950,0,0,0,0,0,0,0,0
ROU,Romania,1960,0,0,0,0,0,0,0,0
ROU,Romania,1970,0,1130,0,0,0,0,0,0
ROU,Romania,1980,0,0,0,0,0,0,0,0
ROU,Romania,1990,0,71,0,3,7,0,0,20
ROU,Romania,2000,0,0,0,1,0,0,0,82
ROU,Romania,2010,0,0,0,0,14,0,0,24
ROU,Romania,2020,0,0,0,0,0,0,0,0
RUS,Russia,1950,0,0,0,0,0,0,0,0
RUS,Russia,1960,0,0,0,0,0,0,0,0
RUS,Russia,1970,0,0,0,0,0,0,0,0
RUS,Russia,1980,0,0,0,0,0,0,0,0
RUS,Russia,1990,0,101,0,45,17,0,0,68
RUS,Russia,2000,0,17,0,120,9,1,0,72
RUS,Russia,2010,0,0,0,612,22,0,232,161
RUS,Russia,2020,0,0,0,1,0,0,4,0
RWA,Rwanda,1950,0,0,0,0,0,0,0,0
RWA,Rwanda,1960,0,0,0,0,0,0,0,0
RWA,Rwanda,1970,0,0,0,0,0,0,0,0
RWA,Rwanda,1980,0,0,0,5,0,0,0,0
RWA,Rwanda,1990,0,0,0,0,0,0,0,0
RWA,Rwanda,2000,0,75,0,7,0,0,0,0
RWA,Rwanda,2010,0,0,0,11,3,6,0,0
RWA,Rwanda,2020,0,0,0,28,0,0,0,0
BLM,Saint Barthelemy,1950,0,0,0,0,0,0,0,0
BLM,Saint Barthelemy,1960,0,0,0,0,0,0,0,0
BLM,Saint Barthelemy,1970,0,0,0,0,0,0,0,0
BLM,Saint Barthelemy,1980,0,0,0,0,0,0,0,0
BLM,Saint Barthelemy,1990,0,0,0,0,0,0,0,0
BLM,Saint Barthelemy,2000,0,0,0,0,0,0,0,0
BLM,Saint Barthelemy,2010,0,0,0,0,0,0,0,0
BLM,Saint Barthelemy,2020,0,0,0,0,0,0,0,0
SHN,Saint Helena,1950,0,0,0,0,0,0,0,0
SHN,Saint Helena,1960,0,0,0,0,0,0,0,0
SHN,Saint Helena,1970,0,0,0,0,0,0,0,0
SHN,Saint Helena,1980,0,0,0,0,0,0,0,0
SHN,Saint Helena,1990,0,0,0,0,0,0,0,0
SHN,Saint Helena,2000,0,0,0,0,0,0,0,0
SHN,Saint Helena,2010,0,0,0,0,0,0,0,0
SHN,Saint Helena,2020,0,0,0,0,0,0,0,0
KNA,Saint Kitts and Nevis,1950,0,0,0,0,0,0,0,0
KNA,Saint Kitts and Nevis,1960,0,0,0,0,0,0,0,0
KNA,Saint Kitts and Nevis,1970,0,0,0,0,0,0,0,0
KNA,Saint Kitts and Nevis,1980,0,0,0,0,0,0,0,0
KNA,Saint Kitts and Nevis,1990,0,0,0,0,0,0,0,0
KNA,Saint Kitts and Nevis,2000,0,0,0,0,0,0,0,0
KNA,Saint Kitts and Nevis,2010,0,0,0,0,0,0,0,0
KNA,Saint Kitts and Nevis,2020,0,0,0,0,0,0,0,0
LCA,Saint Lucia,1950,0,0,0,0,0,0,0,0
LCA,Saint Lucia,1960,0,0,0,0,0,0,0,0
LCA,Saint Lucia,1970,0,0,0,0,0,0,0,0
LCA,Saint Lucia,1980,0,0,0,0,0,0,0,0
LCA,Saint Lucia,1990,0,0,0,0,0,0,0,0
LCA,Saint Lucia,2000,0,0,0,0,0,0,0,0
LCA,Saint Lucia,2010,0,0,0,0,0,0,0,0
LCA,Saint Lucia,2020,0,0,0,0,0,0,0,0
MAF,Saint Martin (French part),1950,0,0,0,0,0,0,0,0
MAF,Saint Martin (French part),1960,0,0,0,0,0,0,0,0
MAF,Saint Martin (French part),1970,0,0,0,0,0,0,0,0
MAF,Saint Martin (French part),1980,0,0,0,0,0,0,0,0
MAF,Saint Martin (French part),1990,0,0,0,0,0,0,0,0
MAF,Saint Martin (French part),2000,0,0,0,0,0,0,0,0
MAF,Saint Martin (French part),2010,0,0,0,0,11,0,0,0
MAF,Saint Martin (French part),2020,0,0,0,0,0,0,0,0
VCT,Saint Vincent and the Grenadines,1950,0,0,0,0,0,0,0,0
VCT,Saint Vincent and the Grenadines,1960,0,0,0,0,0,0,0,0
VCT,Saint Vincent and the Grenadines,1970,0,0,0,0,0,0,0,0
VCT,Saint Vincent and the Grenadines,1980,0,0,0,1,1,0,0,0
VCT,Saint Vincent and the Grenadines,1990,0,0,0,0,0,0,0,0
VCT,Saint Vincent and the Grenadines,2000,0,0,0,0,0,0,0,0
VCT,Saint Vincent and the Grenadines,2010,0,0,0,4,0,0,0,0
VCT,Saint Vincent and the Grenadines,2020,0,0,0,0,0,0,0,0
WSM,Samoa,1950,0,0,0,0,0,0,0,0
WSM,Samoa,1960,0,0,0,0,0,0,0,0
WSM,Samoa,1970,0,0,0,0,0,0,0,0
WSM,Samoa,1980,0,0,0,0,0,0,0,0
WSM,Samoa,1990,0,0,0,0,0,0,0,0
WSM,Samoa,2000,0,31,0,0,0,0,0,0
WSM,Samoa,2010,0,0,0,0,0,0,0,0
WSM,Samoa,2020,0,0,0,0,0,0,0,0
STP,Sao Tome and Principe,1950,0,0,0,0,0,0,0,0
STP,Sao Tome and Principe,1960,0,0,0,0,0,0,0,0
STP,Sao Tome and Principe,1970,0,0,0,0,0,0,0,0
STP,Sao Tome and Principe,1980,0,0,0,0,0,0,0,0
STP,Sao Tome and Principe,1990,0,0,0,0,0,0,0,0
STP,Sao Tome and Principe,2000,0,0,0,0,0,0,0,0
STP,Sao Tome and Principe,2010,0,0,0,0,0,0,0,0
STP,Sao Tome and Principe,2020,0,0,0,0,0,0,0,0
SAU,Saudi Arabia,1950,0,0,0,0,0,0,0,0
SAU,Saudi Arabia,1960,0,0,0,0,0,0,0,0
SAU,Saudi Arabia,1970,0,0,0,0,0,0,0,0
SAU,Saudi Arabia,1980,0,0,0,0,0,0,0,0
SAU,Saudi Arabia,1990,0,0,0,0,0,0,0,0
SAU,Saudi Arabia,2000,0,0,0,10,0,0,0,0
SAU,Saudi Arabia,2010,0,0,0,1,0,0,0,0
SAU,Saudi Arabia,2020,0,0,0,0,0,0,0,0
SEN,Senegal,1950,0,0,0,0,0,0,0,0
SEN,Senegal,1960,0,0,0,0,0,0,0,0
SEN,Senegal,1970,0,0,0,0,0,0,0,0
SEN,Senegal,1980,0,0,0,0,0,0,0,0
SEN,Senegal,1990,0,0,0,0,0,0,0,0
SEN,Senegal,2000,0,0,0,0,0,0,0,0
SEN,Senegal,2010,0,0,0,32,0,0,0,0
SEN,Senegal,2020,0,0,0,57,0,0,0,0
SRB,Serbia,1950,0,0,0,0,0,0,0,0
SRB,Serbia,1960,0,0,0,0,0,0,0,0
SRB,Serbia,1970,0,0,0,0,0,0,0,0
SRB,Serbia,1980,0,0,0,0,0,0,0,0
SRB,Serbia,1990,0,0,0,0,0,0,0,0
SRB,Serbia,2000,0,0,0,0,0,0,0,50
SRB,Serbia,2010,0,12,0,0,0,0,0,0
SRB,Serbia,2020,0,0,0,0,0,0,0,0
SYC,Seychelles,1950,0,0,0,0,0,0,0,0
SYC,Seychelles,1960,0,0,0,0,0,0,0,0
SYC,Seychelles,1970,0,0,0,0,0,0,0,0
SYC,Seychelles,1980,0,0,0,0,0,0,0,0
SYC,Seychelles,1990,0,0,0,0,0,0,0,0
SYC,Seychelles,2000,0,0,0,0,0,0,0,0
SYC,Seychelles,2010,0,0,0,0,0,0,0,0
SYC,Seychelles,2020,0,0,0,0,0,0,0,0
SLE,Sierra Leone,1950,0,0,0,0,0,0,0,0
SLE,Sierra Leone,1960,0,0,0,0,0,0,0,0
SLE,Sierra Leone,1970,0,0,0,0,0,0,0,0
SLE,Sierra Leone,1980,0,0,0,0,0,0,0,0
SLE,Sierra Leone,1990,0,0,0,0,0,0,0,0
SLE,Sierra Leone,2000,0,0,0,2,0,0,0,0
SLE,Sierra Leone,2010,0,0,0,0,0,11,0,0
SLE,Sierra Leone,2020,0,0,0,26,0,0,0,0
SXM,Sint Maarten (Dutch part),1950,0,0,0,0,0,0,0,0
SXM,Sint Maarten (Dutch part),1960,0,0,0,0,0,0,0,0
SXM,Sint Maarten (Dutch part),1970,0,0,0,0,0,0,0,0
SXM,Sint Maarten (Dutch part),1980,0,0,0,0,0,0,0,0
SXM,Sint Maarten (Dutch part),1990,0,0,0,0,0,0,0,0
SXM,Sint Maarten (Dutch part),2000,0,0,0,0,0,0,0,0
SXM,Sint Maarten (Dutch part),2010,0,0,0,0,4,0,0,0
SXM,Sint Maarten (Dutch part),2020,0,0,0,0,0,0,0,0
SVK,Slovakia,1950,0,0,0,0,0,0,0,0
SVK,Slovakia,1960,0,0,0,0,0,0,0,0
SVK,Slovakia,1970,0,0,0,0,0,0,0,0
SVK,Slovakia,1980,0,0,0,0,0,0,0,0
SVK,Slovakia,1990,0,0,0,6,0,0,0,0
SVK,Slovakia,2000,0,0,0,0,2,0,0,9
SVK,Slovakia,2010,0,0,0,0,0,0,0,0
SVK,Slovakia,2020,0,0,0,0,0,0,0,0
SVN,Slovenia,1950,0,0,0,0,0,0,0,0
SVN,Slovenia,1960,0,0,0,0,0,0,0,0
SVN,Slovenia,1970,0,0,0,0,0,0,0,0
SVN,Slovenia,1980,0,0,0,0,0,0,0,0
SVN,Slovenia,1990,0,0,0,0,0,0,0,0
SVN,Slovenia,2000,0,1,0,0,0,0,0,0
SVN,Slovenia,2010,0,0,0,0,0,0,0,0
SVN,Slovenia,2020,0,0,0,0,0,0,0,0
SLB,Solomon Islands,1950,0,0,0,0,0,0,0,0
SLB,Solomon Islands,1960,0,0,0,0,0,0,0,0
SLB,Solomon Islands,1970,0,0,0,0,0,0,0,0
SLB,Solomon Islands,1980,0,0,0,0,0,0,0,0
SLB,Solomon Islands,1990,0,0,0,0,0,0,0,0
SLB,Solomon Islands,2000,0,1,0,0,1,0,0,0
SLB,Solomon Islands,2010,0,0,0,0,0,0,0,0
SLB,Solomon Islands,2020,0,0,0,0,0,0,0,0
SOM,Somalia,1950,0,0,0,0,0,0,0,0
SOM,Somalia,1960,0,0,0,0,0,0,0,0
SOM,Somalia,1970,0,0,0,0,0,0,0,0
SOM,Somalia,1980,0,0,0,0,0,0,0,0
SOM,Somalia,1990,0,0,0,0,0,0,0,0
SOM,Somalia,2000,0,28,0,3,0,0,0,0
SOM,Somalia,2010,0,0,0,0,0,0,0,0
SOM,Somalia,2020,0,0,0,7,0,0,0,0
ZAF,South Africa,1950,0,0,0,0,0,0,0,0
ZAF,South Africa,1960,0,0,0,0,0,0,0,0
ZAF,South Africa,1970,0,0,0,0,0,0,0,0
ZAF,South Africa,1980,0,0,0,0,20,0,0,0
ZAF,South Africa,1990,0,5,0,4,64,0,1,0
ZAF,South Africa,2000,0,6,0,1,28,0,53,0
ZAF,South Africa,2010,0,0,0,32,26,0,0,2
ZAF,South Africa,2020,0,0,0,18,9,0,0,0
KOR,South Korea,1950,0,0,0,0,0,0,0,0
KOR,South Korea,1960,0,0,0,74,32,0,0,0
KOR,South Korea,1970,0,0,0,184,0,0,0,0
KOR,South Korea,1980,0,0,0,19,20,0,0,0
KOR,South Korea,1990,0,0,0,6,18,1,0,0
KOR,South Korea,2000,0,0,0,2,30,0,2,0
KOR,South Korea,2010,0,9,0,0,15,3,4,0
KOR,South Korea,2020,0,0,0,6,3,0,0,118
SSD,South Sudan,1950,0,0,0,0,0,0,0,0
SSD,South Sudan,1960,0,0,0,0,0,0,0,0
SSD,South Sudan,1970,0,0,0,0,0,0,0,0
SSD,South Sudan,1980,0,0,0,0,0,0,0,0
SSD,South Sudan,1990,0,0,0,0,0,0,0,0
SSD,South Sudan,2000,0,0,0,0,0,0,0,0
SSD,South Sudan,2010,0,0,0,0,0,0,1,0
SSD,South Sudan,2020,0,0,0,0,0,0,0,0
ESP,Spain,1950,0,7,0,0,0,0,0,0
ESP,Spain,1960,0,0,0,0,0,0,0,0
ESP,Spain,1970,0,0,0,5,0,0,0,0
ESP,Spain,1980,0,0,0,160,6,0,0,0
ESP,Spain,1990,0,2,0,0,0,13,2,7
ESP,Spain,2000,0,0,0,8,0,0,10,11
ESP,Spain,2010,0,30,0,4,0,0,1,0
ESP,Spain,2020,0,0,0,0,0,0,0,0
LKA,Sri Lanka,1950,0,0,0,0,0,0,0,0
LKA,Sri Lanka,1960,0,0,0,0,0,0,0,0
LKA,Sri Lanka,1970,0,0,0,0,500,0,0,0
LKA,Sri Lanka,1980,0,0,0,100,0,0,0,0
LKA,Sri Lanka,1990,0,0,0,0,0,0,0,0
LKA,Sri Lanka,2000,0,2318,0,0,0,0,0,0
LKA,Sri Lanka,2010,0,0,0,30,12,0,0,0
LKA,Sri Lanka,2020,0,0,0,6,0,0,0,0
SDN,Sudan,1950,0,0,0,0,0,0,0,0
SDN,Sudan,1960,0,0,0,0,0,0,0,0
SDN,Sudan,1970,0,0,0,0,0,0,0,0
SDN,Sudan,1980,0,0,0,0,0,0,0,0
SDN,Sudan,1990,0,2,0,1850,0,0,0,0
SDN,Sudan,2000,0,0,0,39,0,0,0,0
SDN,Sudan,2010,0,0,0,72,3,0,0,0
SDN,Sudan,2020,0,0,0,60,0,0,0,0
SUR,Suriname,1950,0,0,0,0,0,0,0,0
SUR,Suriname,1960,0,0,0,0,0,0,0,0
SUR,Suriname,1970,0,0,0,0,0,0,0,0
SUR,Suriname,1980,0,0,0,0,0,0,0,0
SUR,Suriname,1990,0,0,0,0,0,0,0,0
SUR,Suriname,2000,0,0,0,0,0,0,0,0
SUR,Suriname,2010,0,0,0,0,0,0,0,0
SUR,Suriname,2020,0,0,0,0,0,0,0,0
SWE,Sweden,1950,0,0,0,0,0,0,0,0
SWE,Sweden,1960,0,0,0,0,0,0,0,0
SWE,Sweden,1970,0,0,0,0,0,5,0,0
SWE,Sweden,1980,0,0,0,0,0,0,0,0
SWE,Sweden,1990,0,0,0,0,0,0,0,0
SWE,Sweden,2000,0,0,0,0,0,0,0,0
SWE,Sweden,2010,0,0,0,0,0,0,0,0
SWE,Sweden,2020,0,0,0,0,0,0,0,0
CHE,Switzerland,1950,0,0,0,0,0,0,0,0
CHE,Switzerland,1960,0,0,0,0,0,0,0,0
CHE,Switzerland,1970,0,0,0,0,0,0,0,0
CHE,Switzerland,1980,0,0,0,0,0,0,0,0
CHE,Switzerland,1990,0,0,0,0,0,0,0,0
CHE,Switzerland,2000,0,0,0,0,1,0,0,0
CHE,Switzerland,2010,0,0,0,0,10,0,0,0
CHE,Switzerland,2020,0,0,0,0,2,0,0,0
SYR,Syria,1950,0,0,0,0,0,0,0,0
SYR,Syria,1960,0,0,0,0,0,0,0,0
SYR,Syria,1970,0,0,0,0,0,0,0,0
SYR,Syria,1980,0,0,0,0,0,0,0,0
SYR,Syria,1990,0,0,0,0,0,0,0,0
SYR,Syria,2000,0,0,0,0,35,2,0,0
SYR,Syria,2010,0,0,0,0,350,0,0,0
SYR,Syria,2020,0,0,0,1,0,0,26,0
TWN,Taiwan,1950,0,90,0,0,0,0,0,0
TWN,Taiwan,1960,0,250,0,0,66,0,0,0
TWN,Taiwan,1970,0,0,0,600,53,0,0,0
TWN,Taiwan,1980,0,5,0,2,0,3,0,0
TWN,Taiwan,1990,0,892,0,0,21,0,0,0
TWN,Taiwan,2000,0,24,0,0,90,0,0,0
TWN,Taiwan,2010,0,102,0,4,165,0,0,0
TWN,Taiwan,2020,0,47,0,0,0,0,0,0
TJK,Tajikistan,1950,0,0,0,0,0,0,0,0
TJK,Tajikistan,1960,0,0,0,0,0,0,0,0
TJK,Tajikistan,1970,0,0,0,0,0,0,0,0
TJK,Tajikistan,1980,0,0,0,0,0,0,0,0
TJK,Tajikistan,1990,0,0,0,6,0,0,0,0
TJK,Tajikistan,2000,0,7,0,1,0,2,0,0
TJK,Tajikistan,2010,0,1,0,34,0,0,0,0
TJK,Tajikistan,2020,0,0,0,0,0,0,0,0
TZA,Tanzania,1950,0,0,0,0,0,0,0,0
TZA,Tanzania,1960,0,0,0,0,0,0,0,0
TZA,Tanzania,1970,0,0,0,0,0,0,0,0
TZA,Tanzania,1980,0,0,0,0,0,0,0,0
TZA,Tanzania,1990,0,0,0,3,0,0,0,0
TZA,Tanzania,2000,0,1,0,6,1,0,0,0
TZA,Tanzania,2010,0,44,0,21,11,0,0,0
TZA,Tanzania,2020,0,0,0,0,0,0,0,0
THA,Thailand,1950,0,0,0,0,0,0,0,0
THA,Thailand,1960,0,0,0,20,0,0,0,0
THA,Thailand,1970,0,0,0,49,0,0,0,0
THA,Thailand,1980,0,0,0,193,0,0,0,0
THA,Thailand,1990,0,0,0,26,41,0,0,0
THA,Thailand,2000,0,846,0,81,10,1,0,0
THA,Thailand,2010,0,4,0,1,0,0,0,0
THA,Thailand,2020,0,0,0,2,1,0,0,0
TLS,Timor,1950,0,0,0,0,0,0,0,0
TLS,Timor,1960,0,0,0,0,0,0,0,0
TLS,Timor,1970,0,0,0,0,0,0,0,0
TLS,Timor,1980,0,0,0,0,0,0,0,0
TLS,Timor,1990,0,0,0,0,0,0,0,0
TLS,Timor,2000,0,0,0,0,0,0,0,0
TLS,Timor,2010,0,0,0,0,0,0,0,0
TLS,Timor,2020,0,0,0,2,0,0,0,0
TGO,Togo,1950,0,0,0,0,0,0,0,0
TGO,Togo,1960,0,0,0,0,2,0,0,0
TGO,Togo,1970,0,0,0,0,0,0,0,0
TGO,Togo,1980,0,0,0,0,0,0,0,0
TGO,Togo,1990,0,0,0,0,0,0,0,0
TGO,Togo,2000,0,0,0,16,0,0,0,0
TGO,Togo,2010,0,0,0,0,0,0,0,0
TGO,Togo,2020,0,0,0,0,0,0,0,0
TKL,Tokelau,1950,0,0,0,0,0,0,0,0
TKL,Tokelau,1960,0,0,0,0,0,0,0,0
TKL,Tokelau,1970,0,0,0,0,0,0,0,0
TKL,Tokelau,1980,0,0,0,0,0,0,0,0
TKL,Tokelau,1990,0,0,0,0,0,0,0,0
TKL,Tokelau,2000,0,0,0,0,0,0,0,0
TKL,Tokelau,2010,0,0,0,0,0,0,0,0
TKL,Tokelau,2020,0,0,0,0,0,0,0,0
TON,Tonga,1950,0,0,0,0,0,0,0,0
TON,Tonga,1960,0,0,0,0,0,0,0,0
TON,Tonga,1970,0,1,0,0,1,0,0,0
TON,Tonga,1980,0,0,0,0,1,0,0,0
TON,Tonga,1990,0,0,0,0,0,0,0,0
TON,Tonga,2000,0,1,0,0,0,0,0,0
TON,Tonga,2010,0,0,0,0,1,0,0,0
TON,Tonga,2020,0,0,0,0,0,0,0,0
TTO,Trinidad and Tobago,1950,0,0,0,0,0,0,0,0
TTO,Trinidad and Tobago,1960,0,0,0,0,0,0,0,0
TTO,Trinidad and Tobago,1970,0,0,0,0,0,0,0,0
TTO,Trinidad and Tobago,1980,0,0,0,0,0,0,0,0
TTO,Trinidad and Tobago,1990,0,0,0,0,0,0,0,0
TTO,Trinidad and Tobago,2000,0,0,0,0,0,0,0,0
TTO,Trinidad and Tobago,2010,0,0,0,0,0,0,0,0
TTO,Trinidad and Tobago,2020,0,0,0,0,0,0,0,0
TUN,Tunisia,1950,0,0,0,0,0,0,0,0
TUN,Tunisia,1960,0,0,0,0,0,0,0,0
TUN,Tunisia,1970,0,0,0,0,0,0,0,0
TUN,Tunisia,1980,0,0,0,0,0,0,0,0
TUN,Tunisia,1990,0,0,0,0,0,0,0,0
TUN,Tunisia,2000,0,0,0,1,0,0,0,0
TUN,Tunisia,2010,0,0,0,0,0,0,0,0
TUN,Tunisia,2020,0,0,0,0,0,0,0,0
TUR,Turkey,1950,0,52,0,0,0,0,0,0
TUR,Turkey,1960,0,253,0,0,0,0,0,0
TUR,Turkey,1970,0,2247,0,0,0,0,0,0
TUR,Turkey,1980,0,133,0,0,0,13,0,0
TUR,Turkey,1990,0,5650,0,17,0,5,0,0
TUR,Turkey,2000,0,145,0,5,14,1,0,45
TUR,Turkey,2010,0,512,0,0,0,11,0,0
TUR,Turkey,2020,0,910,0,120,0,28,41,0
TKM,Turkmenistan,1950,0,0,0,0,0,0,0,0
TKM,Turkmenistan,1960,0,0,0,0,0,0,0,0
TKM,Turkmenistan,1970,0,0,0,0,0,0,0,0
TKM,Turkmenistan,1980,0,0,0,0,0,0,0,0
TKM,Turkmenistan,1990,0,0,0,0,0,0,0,0
TKM,Turkmenistan,2000,0,0,0,0,0,0,0,0
TKM,Turkmenistan,2010,0,0,0,0,0,0,0,0
TKM,Turkmenistan,2020,0,0,0,0,0,0,0,0
TCA,Turks and Caicos Islands,1950,0,0,0,0,0,0,0,0
TCA,Turks and Caicos Islands,1960,0,0,0,0,0,0,0,0
TCA,Turks and Caicos Islands,1970,0,0,0,0,0,0,0,0
TCA,Turks and Caicos Islands,1980,0,0,0,0,0,0,0,0
TCA,Turks and Caicos Islands,1990,0,0,0,0,0,0,0,0
TCA,Turks and Caicos Islands,2000,0,0,0,0,0,0,0,0
TCA,Turks and Caicos Islands,2010,0,0,0,0,0,0,0,0
TCA,Turks and Caicos Islands,2020,0,0,0,0,0,0,0,0
TUV,Tuvalu,1950,0,0,0,0,0,0,0,0
TUV,Tuvalu,1960,0,0,0,0,0,0,0,0
TUV,Tuvalu,1970,0,0,0,0,0,0,0,0
TUV,Tuvalu,1980,0,0,0,0,0,0,0,0
TUV,Tuvalu,1990,0,0,0,0,0,0,0,0
TUV,Tuvalu,2000,0,0,0,0,0,0,0,0
TUV,Tuvalu,2010,0,0,0,0,0,0,0,0
TUV,Tuvalu,2020,0,0,0,0,0,0,0,0
UGA,Uganda,1950,0,0,0,0,0,0,0,0
UGA,Uganda,1960,0,51,0,0,0,0,0,0
UGA,Uganda,1970,0,0,0,0,0,0,0,0
UGA,Uganda,1980,0,0,0,0,0,0,0,0
UGA,Uganda,1990,0,0,0,0,0,0,0,0
UGA,Uganda,2000,0,0,0,4,1,1,0,0
UGA,Uganda,2010,0,0,0,1,5,10,0,0
UGA,Uganda,2020,0,0,0,28,0,2,0,0
UKR,Ukraine,1950,0,0,0,0,0,0,0,0
UKR,Ukraine,1960,0,0,0,0,0,0,0,0
UKR,Ukraine,1970,0,0,0,0,0,0,0,0
UKR,Ukraine,1980,0,0,0,0,0,0,0,0
UKR,Ukraine,1990,0,0,0,23,0,0,0,0
UKR,Ukraine,2000,0,0,0,0,73,0,0,960
UKR,Ukraine,2010,0,0,0,6,0,0,0,303
UKR,Ukraine,2020,0,0,0,0,0,0,6,0
ARE,United Arab Emirates,1950,0,0,0,0,0,0,0,0
ARE,United Arab Emirates,1960,0,0,0,0,0,0,0,0
ARE,United Arab Emirates,1970,0,0,0,0,0,0,0,0
ARE,United Arab Emirates,1980,0,0,0,0,0,0,0,0
ARE,United Arab Emirates,1990,0,0,0,0,0,0,0,0
ARE,United Arab Emirates,2000,0,0,0,0,0,0,0,0
ARE,United Arab Emirates,2010,0,0,0,0,0,0,0,0
ARE,United Arab Emirates,2020,0,0,0,0,0,0,0,0
GBR,United Kingdom,1950,0,0,0,0,0,0,0,0
GBR,United Kingdom,1960,0,0,0,0,0,0,0,0
GBR,United Kingdom,1970,0,0,0,0,0,0,0,0
GBR,United Kingdom,1980,0,0,0,0,1,0,0,0
GBR,United Kingdom,1990,0,0,0,0,0,0,0,0
GBR,United Kingdom,2000,0,0,0,1,0,0,0,5
GBR,United Kingdom,2010,0,0,0,0,0,0,0,0
GBR,United Kingdom,2020,0,0,0,0,0,0,0,0
USA,United States,1950,0,20,0,0,0,0,0,0
USA,United States,1960,0,0,0,0,100,0,0,0
USA,United States,1970,0,201,0,0,16,0,0,0
USA,United States,1980,0,393,0,0,151,0,0,0
USA,United States,1990,0,756,0,9,284,0,31,0
USA,United States,2000,0,52,0,27,284,2,30,3
USA,United States,2010,0,28,0,12,622,3,43,0
USA,United States,2020,0,0,0,0,271,0,77,0
VIR,United States Virgin Islands,1950,0,0,0,0,0,0,0,0
VIR,United States Virgin Islands,1960,0,0,0,0,0,0,0,0
VIR,United States Virgin Islands,1970,0,0,0,0,0,0,0,0
VIR,United States Virgin Islands,1980,0,0,0,0,0,0,0,0
VIR,United States Virgin Islands,1990,0,0,0,0,0,0,0,0
VIR,United States Virgin Islands,2000,0,0,0,0,0,0,0,0
VIR,United States Virgin Islands,2010,0,0,0,0,0,0,0,0
VIR,United States Virgin Islands,2020,0,0,0,0,0,0,0,0
URG,Uruguay,1950,0,0,0,0,0,0,0,0
URG,Uruguay,1960,0,0,0,0,0,0,0,0
URG,Uruguay,1970,0,0,0,0,0,0,0,0
URG,Uruguay,1980,0,0,0,0,0,0,0,0
URG,Uruguay,1990,0,0,0,0,0,0,0,0
URG,Uruguay,2000,0,0,0,0,1,0,0,0
URG,Uruguay,2010,0,0,0,25,0,0,0,0
URG,Uruguay,2020,0,0,0,0,0,0,0,0
UZB,Uzbekistan,1950,0,0,0,0,0,0,0,0
UZB,Uzbekistan,1960,0,0,0,0,0,0,0,0
UZB,Uzbekistan,1970,0,0,0,0,0,0,0,0
UZB,Uzbekistan,1980,0,0,0,0,0,0,0,0
UZB,Uzbekistan,1990,0,0,0,0,0,0,0,0
UZB,Uzbekistan,2000,0,0,0,0,0,0,0,0
UZB,Uzbekistan,2010,0,0,0,0,0,0,0,0
UZB,Uzbekistan,2020,0,0,0,22,0,2,0,0
VUT,Vanuatu,1950,0,0,0,0,0,0,0,0
VUT,Vanuatu,1960,0,0,0,0,0,0,0,0
VUT,Vanuatu,1970,0,0,0,0,0,0,0,0
VUT,Vanuatu,1980,0,0,0,0,0,0,0,0
VUT,Vanuatu,1990,0,10,0,0,2,0,0,0
VUT,Vanuatu,2000,0,0,0,0,1,0,0,0
VUT,Vanuatu,2010,0,0,0,0,1,0,0,0
VUT,Vanuatu,2020,0,0,0,0,40,0,0,0
VEN,Venezuela,1950,0,0,0,0,0,0,0,0
VEN,Venezuela,1960,0,154,0,0,0,0,0,0
VEN,Venezuela,1970,0,0,0,0,0,0,0,0
VEN,Venezuela,1980,0,9,0,3,0,30,0,0
VEN,Venezuela,1990,0,68,0,307,40,2,0,0
VEN,Venezuela,2000,0,0,0,15,1,0,0,0
VEN,Venezuela,2010,0,0,0,0,0,0,0,0
VEN,Venezuela,2020,0,0,0,0,0,0,0,0
VNM,Vietnam,1950,0,0,0,0,0,0,0,0
VNM,Vietnam,1960,0,0,0,0,0,0,0,0
VNM,Vietnam,1970,0,0,0,0,0,0,0,0
VNM,Vietnam,1980,0,0,0,0,589,0,0,0
VNM,Vietnam,1990,0,0,0,81,205,3,0,0
VNM,Vietnam,2000,0,0,0,51,351,4,0,0
VNM,Vietnam,2010,0,0,0,34,95,0,0,0
VNM,Vietnam,2020,0,0,0,3,69,0,0,0
WLF,Wallis and Futuna,1950,0,0,0,0,0,0,0,0
WLF,Wallis and Futuna,1960,0,0,0,0,0,0,0,0
WLF,Wallis and Futuna,1970,0,0,0,0,0,0,0,0
WLF,Wallis and Futuna,1980,0,0,0,0,0,0,0,0
WLF,Wallis and Futuna,1990,0,2,0,0,0,0,0,0
WLF,Wallis and Futuna,2000,0,0,0,0,0,0,0,0
WLF,Wallis and Futuna,2010,0,0,0,0,0,0,0,0
WLF,Wallis and Futuna,2020,0,0,0,0,0,0,0,0
YEM,Yemen,1950,0,0,0,0,0,0,0,0
YEM,Yemen,1960,0,0,0,0,0,0,0,0
YEM,Yemen,1970,0,0,0,0,0,0,0,0
YEM,Yemen,1980,0,0,0,0,0,0,0,0
YEM,Yemen,1990,0,4,0,0,0,0,0,0
YEM,Yemen,2000,0,0,2,11,0,1,0,0
YEM,Yemen,2010,0,0,0,2,19,2,0,0
YEM,Yemen,2020,0,0,0,51,0,0,0,0
ZMB,Zambia,1950,0,0,0,0,0,0,0,0
ZMB,Zambia,1960,0,0,0,0,0,0,0,0
ZMB,Zambia,1970,0,0,0,90,0,0,0,0
ZMB,Zambia,1980,0,0,0,0,0,0,0,0
ZMB,Zambia,1990,0,0,0,0,0,0,0,0
ZMB,Zambia,2000,0,0,0,1,0,0,0,0
ZMB,Zambia,2010,0,0,0,0,0,0,0,0
ZMB,Zambia,2020,0,0,0,0,0,0,0,0
ZWE,Zimbabwe,1950,0,0,0,0,0,0,0,0
ZWE,Zimbabwe,1960,0,0,0,0,0,0,0,0
ZWE,Zimbabwe,1970,0,0,0,0,0,0,0,0
ZWE,Zimbabwe,1980,0,0,0,0,0,0,0,0
ZWE,Zimbabwe,1990,0,0,0,0,0,0,0,0
ZWE,Zimbabwe,2000,0,0,0,0,0,0,0,0
ZWE,Zimbabwe,2010,0,0,0,0,31,0,0,0
ZWE,Zimbabwe,2020,0,0,0,0,0,0,0,0