Country name;iso_code;Year;Population
Afghanistan;AFG;1950;7480464
Afghanistan;AFG;1960;8622473
Afghanistan;AFG;1970;10752973
Afghanistan;AFG;1980;12486640
Afghanistan;AFG;1990;10694804
Afghanistan;AFG;2000;19542986
Afghanistan;AFG;2010;28189672
Afghanistan;AFG;2020;38972236
Albania;ALB;1950;1252587
Albania;ALB;1960;1711189
Albania;ALB;1970;2324733
Albania;ALB;1980;2941650
Albania;ALB;1990;3295073
Albania;ALB;2000;3182027
Albania;ALB;2010;2913402
Albania;ALB;2020;2866850
Algeria;DZA;1950;9019866
Algeria;DZA;1960;11394309
Algeria;DZA;1970;13795915
Algeria;DZA;1980;18739378
Algeria;DZA;1990;25518074
Algeria;DZA;2000;30774624
Algeria;DZA;2010;35856348
Algeria;DZA;2020;43451668
American Samoa;ASM;1950;19057
American Samoa;ASM;1960;20107
American Samoa;ASM;1970;27098
American Samoa;ASM;1980;32908
American Samoa;ASM;1990;47841
American Samoa;ASM;2000;58251
American Samoa;ASM;2010;54871
American Samoa;ASM;2020;46216
Angola;AGO;1950;4478186
Angola;AGO;1960;5357201
Angola;AGO;1970;6029702
Angola;AGO;1980;8330053
Angola;AGO;1990;11828643
Angola;AGO;2000;16394067
Angola;AGO;2010;23364196
Angola;AGO;2020;33428490
Anguilla;AIA;1950;5036
Anguilla;AIA;1960;5773
Anguilla;AIA;1970;6302
Anguilla;AIA;1980;6583
Anguilla;AIA;1990;8340
Anguilla;AIA;2000;11071
Anguilla;AIA;2010;13192
Anguilla;AIA;2020;15612
Antigua and Barbuda;ATG;;
Antigua and Barbuda;ATG;1950;45456
Antigua and Barbuda;ATG;1960;55356
Antigua and Barbuda;ATG;1970;64536
Antigua and Barbuda;ATG;1980;64907
Antigua and Barbuda;ATG;1990;63346
Antigua and Barbuda;ATG;2000;75070
Antigua and Barbuda;ATG;2010;85710
Antigua and Barbuda;ATG;2020;92672
Argentina;ARG;1950;17017748
Argentina;ARG;1960;20349748
Argentina;ARG;1970;23842804
Argentina;ARG;1980;28024808
Argentina;ARG;1990;32637658
Argentina;ARG;2000;37070772
Argentina;ARG;2010;41100124
Argentina;ARG;2020;45036030
Armenia;ARM;1950;1385038
Armenia;ARM;1960;1904150
Armenia;ARM;1970;2534383
Armenia;ARM;1980;3135123
Armenia;ARM;1990;3556544
Armenia;ARM;2000;3168525
Armenia;ARM;2010;2946296
Armenia;ARM;2020;2805610
Australia;AUS;1950;8177169
Australia;AUS;1960;10286648
Australia;AUS;1970;12595038
Australia;AUS;1980;14706329
Australia;AUS;1990;17048002
Australia;AUS;2000;19017968
Australia;AUS;2010;22019166
Australia;AUS;2020;25670052
Austria;AUT;1950;6936443
Austria;AUT;1960;7046554
Austria;AUT;1970;7465310
Austria;AUT;1980;7547564
Austria;AUT;1990;7678732
Austria;AUT;2000;8010425
Austria;AUT;2010;8362829
Austria;AUT;2020;8907780
Azerbaijan;AZE;1950;3158966
Azerbaijan;AZE;1960;4131486
Azerbaijan;AZE;1970;5425315
Azerbaijan;AZE;1980;6383063
Azerbaijan;AZE;1990;7427840
Azerbaijan;AZE;2000;8190341
Azerbaijan;AZE;2010;9237203
Azerbaijan;AZE;2020;10284952
Bahamas;BHS;1950;81651
Bahamas;BHS;1960;114512
Bahamas;BHS;1970;179149
Bahamas;BHS;1980;223761
Bahamas;BHS;1990;270690
Bahamas;BHS;2000;325033
Bahamas;BHS;2010;373277
Bahamas;BHS;2020;406478
Bangladesh;BGD;1950;39728540
Bangladesh;BGD;1960;50396428
Bangladesh;BGD;1970;67541864
Bangladesh;BGD;1980;83929770
Bangladesh;BGD;1990;107147656
Bangladesh;BGD;2000;129193336
Bangladesh;BGD;2010;148391140
Bangladesh;BGD;2020;167420940
Barbados;BRB;1950;210556
Barbados;BRB;1960;232560
Barbados;BRB;1970;241402
Barbados;BRB;1980;253582
Barbados;BRB;1990;258871
Barbados;BRB;2000;264663
Barbados;BRB;2010;274717
Barbados;BRB;2020;280704
Belarus;BLR;1950;7906861
Belarus;BLR;1960;8389186
Belarus;BLR;1970;9170790
Belarus;BLR;1980;9817256
Belarus;BLR;1990;10428527
Belarus;BLR;2000;10256489
Belarus;BLR;2010;9731426
Belarus;BLR;2020;9633745
Belgium;BEL;1950;8617340
Belgium;BEL;1960;9108729
Belgium;BEL;1970;9629376
Belgium;BEL;1980;9828989
Belgium;BEL;1990;9959565
Belgium;BEL;2000;10264351
Belgium;BEL;2010;10877948
Belgium;BEL;2020;11561716
Belize;BLZ;1950;69134
Belize;BLZ;1960;91420
Belize;BLZ;1970;120921
Belize;BLZ;1980;145147
Belize;BLZ;1990;182603
Belize;BLZ;2000;240420
Belize;BLZ;2010;322115
Belize;BLZ;2020;394931
Benin;BEN;1950;2264457
Benin;BEN;1960;2512290
Benin;BEN;1970;3023443
Benin;BEN;1980;3833947
Benin;BEN;1990;5133429
Benin;BEN;2000;6998022
Benin;BEN;2010;9445716
Benin;BEN;2020;12643121
Bermuda;BMU;1950;37168
Bermuda;BMU;1960;42048
Bermuda;BMU;1970;52037
Bermuda;BMU;1980;53583
Bermuda;BMU;1990;57490
Bermuda;BMU;2000;61390
Bermuda;BMU;2010;63466
Bermuda;BMU;2020;64051
Bhutan;BTN;1950;176380
Bhutan;BTN;1960;221277
Bhutan;BTN;1970;298907
Bhutan;BTN;1980;415266
Bhutan;BTN;1990;558449
Bhutan;BTN;2000;587210
Bhutan;BTN;2010;705523
Bhutan;BTN;2020;772512
Bolivia;BOL;1950;3089847
Bolivia;BOL;1960;3707520
Bolivia;BOL;1970;4585696
Bolivia;BOL;1980;5736092
Bolivia;BOL;1990;7096195
Bolivia;BOL;2000;8592656
Bolivia;BOL;2010;10223277
Bolivia;BOL;2020;11936169
Bosnia and Herzegovina;BIH;1950;2692914
Bosnia and Herzegovina;BIH;1960;3262540
Bosnia and Herzegovina;BIH;1970;3815565
Bosnia and Herzegovina;BIH;1980;4199816
Bosnia and Herzegovina;BIH;1990;4494314
Bosnia and Herzegovina;BIH;2000;4179355
Bosnia and Herzegovina;BIH;2010;3811093
Bosnia and Herzegovina;BIH;2020;3318410
Botswana;BWA;1950;413489
Botswana;BWA;1960;512874
Botswana;BWA;1970;592254
Botswana;BWA;1980;938582
Botswana;BWA;1990;1341480
Botswana;BWA;2000;1726992
Botswana;BWA;2010;2091666
Botswana;BWA;2020;2546404
Brazil;BRA;1950;53955360
Brazil;BRA;1960;73092520
Brazil;BRA;1970;96369890
Brazil;BRA;1980;122288380
Brazil;BRA;1990;150706450
Brazil;BRA;2000;175873710
Brazil;BRA;2010;196353500
Brazil;BRA;2020;213196300
British Virgin Islands;VGB;1950;7379
British Virgin Islands;VGB;1960;7871
British Virgin Islands;VGB;1970;9600
British Virgin Islands;VGB;1980;11129
British Virgin Islands;VGB;1990;15646
British Virgin Islands;VGB;2000;20126
British Virgin Islands;VGB;2010;27578
British Virgin Islands;VGB;2020;30934
Brunei;BRN;1950;48290
Brunei;BRN;1960;85361
Brunei;BRN;1970;133349
Brunei;BRN;1980;187931
Brunei;BRN;1990;261936
Brunei;BRN;2000;333937
Brunei;BRN;2010;396064
Brunei;BRN;2020;441736
Bulgaria;BGR;1950;7157630
Bulgaria;BGR;1960;7891763
Bulgaria;BGR;1970;8582960
Bulgaria;BGR;1980;8980602
Bulgaria;BGR;1990;8767778
Bulgaria;BGR;2000;8097694
Bulgaria;BGR;2010;7592271
Bulgaria;BGR;2020;6979181
Burkina Faso;BFA;1950;4213762
Burkina Faso;BFA;1960;4783261
Burkina Faso;BFA;1970;5611666
Burkina Faso;BFA;1980;6932969
Burkina Faso;BFA;1990;9131362
Burkina Faso;BFA;2000;11882896
Burkina Faso;BFA;2010;16116851
Burkina Faso;BFA;2020;21522632
Burundi;BDI;1950;2254121
Burundi;BDI;1960;2746633
Burundi;BDI;1970;3497842
Burundi;BDI;1980;4312846
Burundi;BDI;1990;5483800
Burundi;BDI;2000;6307665
Burundi;BDI;2010;9126612
Burundi;BDI;2020;12220229
Cambodia;KHM;1950;4380384
Cambodia;KHM;1960;5541679
Cambodia;KHM;1970;6708523
Cambodia;KHM;1980;6198963
Cambodia;KHM;1990;8910806
Cambodia;KHM;2000;12118844
Cambodia;KHM;2010;14363534
Cambodia;KHM;2020;16396864
Cameroon;CMR;1950;4315823
Cameroon;CMR;1960;5117606
Cameroon;CMR;1970;6452787
Cameroon;CMR;1980;8519894
Cameroon;CMR;1990;11430519
Cameroon;CMR;2000;15091598
Cameroon;CMR;2010;19878044
Cameroon;CMR;2020;26491090
Canada;CAN;1950;13743068
Canada;CAN;1960;17909358
Canada;CAN;1970;21434580
Canada;CAN;1980;24511512
Canada;CAN;1990;27657206
Canada;CAN;2000;30683316
Canada;CAN;2010;33963416
Canada;CAN;2020;37888704
Cape Verde;CPV;1950;185013
Cape Verde;CPV;1960;209856
Cape Verde;CPV;1970;287261
Cape Verde;CPV;1980;317249
Cape Verde;CPV;1990;364572
Cape Verde;CPV;2000;458258
Cape Verde;CPV;2010;521219
Cape Verde;CPV;2020;582646
Cayman Islands;CYM;1950;6937
Cayman Islands;CYM;1960;8500
Cayman Islands;CYM;1970;10551
Cayman Islands;CYM;1980;17123
Cayman Islands;CYM;1990;26050
Cayman Islands;CYM;2000;39683
Cayman Islands;CYM;2010;54095
Cayman Islands;CYM;2020;67327
Central African Republic;CAF;1950;1436604
Central African Republic;CAF;1960;1679735
Central African Republic;CAF;1970;2067364
Central African Republic;CAF;1980;2415284
Central African Republic;CAF;1990;2809223
Central African Republic;CAF;2000;3759174
Central African Republic;CAF;2010;4660066
Central African Republic;CAF;2020;5343024
Chad;TCD;1950;2512693
Chad;TCD;1960;3028688
Chad;TCD;1970;3667400
Chad;TCD;1980;4408239
Chad;TCD;1990;5827070
Chad;TCD;2000;8259144
Chad;TCD;2010;11894734
Chad;TCD;2020;16644707
Chile;Chile;1950;6623650
Chile;Chile;1960;8141826
Chile;Chile;1970;9820483
Chile;Chile;1980;11469825
Chile;Chile;1990;13342876
Chile;Chile;2000;15351803
Chile;Chile;2010;17004166
Chile;Chile;2020;19300318
China;CHN;1950;543979200
China;CHN;1960;654170700
China;CHN;1970;822534460
China;CHN;1980;982372500
China;CHN;1990;1153704200
China;CHN;2000;1264099100
China;CHN;2010;1348191400
China;CHN;2020;1424929800
Colombia;COL;1950;11769747
Colombia;COL;1960;15687692
Colombia;COL;1970;20905256
Colombia;COL;1980;26176206
Colombia;COL;1990;32601396
Colombia;COL;2000;39215136
Colombia;COL;2010;44816104
Colombia;COL;2020;50930656
Comoros;COM;1950;161823
Comoros;COM;1960;194864
Comoros;COM;1970;242362
Comoros;COM;1980;328336
Comoros;COM;1990;431128
Comoros;COM;2000;536762
Comoros;COM;2010;656032
Comoros;COM;2020;806168
Congo;COG;1950;835136
Congo;COG;1960;1055696
Congo;COG;1970;1396991
Congo;COG;1980;1829262
Congo;COG;1990;2385433
Congo;COG;2000;3134034
Congo;COG;2010;4437883
Congo;COG;2020;5702183
Cook Islands;COK;1950;14703
Cook Islands;COK;1960;17650
Cook Islands;COK;1970;20495
Cook Islands;COK;1980;17675
Cook Islands;COK;1990;17147
Cook Islands;COK;2000;15920
Cook Islands;COK;2010;17237
Cook Islands;COK;2020;17050
Costa Rica;CRI;1950;948490
Costa Rica;CRI;1960;1346310
Costa Rica;CRI;1970;1855704
Costa Rica;CRI;1980;2414306
Costa Rica;CRI;1990;3158257
Costa Rica;CRI;2000;3979189
Costa Rica;CRI;2010;4622250
Costa Rica;CRI;2020;5123107
Cote d'Ivoire;CIV;1950;2736917
Cote d'Ivoire;CIV;1960;3708671
Cote d'Ivoire;CIV;1970;5477085
Cote d'Ivoire;CIV;1980;8303818
Cote d'Ivoire;CIV;1990;11910540
Cote d'Ivoire;CIV;2000;16799664
Cote d'Ivoire;CIV;2010;21120040
Cote d'Ivoire;CIV;2020;26811792
Croatia;HRV;1950;3864694
Croatia;HRV;1960;4215334
Croatia;HRV;1970;4492641
Croatia;HRV;1980;4680144
Croatia;HRV;1990;4873705
Croatia;HRV;2000;4548438
Croatia;HRV;2010;4368680
Croatia;HRV;2020;4096872
Cuba;CUB;1950;5926656
Cuba;CUB;1960;7267396
Cuba;CUB;1970;8869642
Cuba;CUB;1980;9809115
Cuba;CUB;1990;10626679
Cuba;CUB;2000;11105799
Cuba;CUB;2010;11290420
Cuba;CUB;2020;11300695
Cyprus;CYP;1950;493969
Cyprus;CYP;1960;585727
Cyprus;CYP;1970;640804
Cyprus;CYP;1980;679336
Cyprus;CYP;1990;788501
Cyprus;CYP;2000;948238
Cyprus;CYP;2010;1129693
Cyprus;CYP;2020;1237540
Czechia;CZE;1950;8916638
Czechia;CZE;1960;9539362
Czechia;CZE;1970;9795750
Czechia;CZE;1980;10270060
Czechia;CZE;1990;10301190
Czechia;CZE;2000;10234712
Czechia;CZE;2010;10464750
Czechia;CZE;2020;10530951
Democratic Republic of Congo;COD;1950;12295748
Democratic Republic of Congo;COD;1960;15276558
Democratic Republic of Congo;COD;1970;20151742
Democratic Republic of Congo;COD;1980;26708692
Democratic Republic of Congo;COD;1990;35987544
Democratic Republic of Congo;COD;2000;48616330
Democratic Republic of Congo;COD;2010;66391260
Democratic Republic of Congo;COD;2020;92853170
Denmark;DNK;1950;4267702
Denmark;DNK;1960;4581730
Denmark;DNK;1970;4922968
Denmark;DNK;1980;5125397
Denmark;DNK;1990;5144626
Denmark;DNK;2000;5340662
Denmark;DNK;2010;5550850
Denmark;DNK;2020;5825638
Djibouti;DJI;1950;62351
Djibouti;DJI;1960;85956
Djibouti;DJI;1970;144393
Djibouti;DJI;1980;324130
Djibouti;DJI;1990;577183
Djibouti;DJI;2000;742046
Djibouti;DJI;2010;919206
Djibouti;DJI;2020;1090162
Dominica;DMA;1950;50208
Dominica;DMA;1960;59396
Dominica;DMA;1970;68913
Dominica;DMA;1980;73000
Dominica;DMA;1990;69501
Dominica;DMA;2000;68365
Dominica;DMA;2010;68775
Dominica;DMA;2020;72011
Dominican Republic;DOM;1950;2381743
Dominican Republic;DOM;1960;3298024
Dominican Republic;DOM;1970;4475880
Dominican Republic;DOM;1980;5755808
Dominican Republic;DOM;1990;7129004
Dominican Republic;DOM;2000;8540790
Dominican Republic;DOM;2010;9775756
Dominican Republic;DOM;2020;10999668
Ecuador;ECU;1950;3518730
Ecuador;ECU;1960;4618160
Ecuador;ECU;1970;6172219
Ecuador;ECU;1980;8135850
Ecuador;ECU;1990;10449845
Ecuador;ECU;2000;12626511
Ecuador;ECU;2010;14989581
Ecuador;ECU;2020;17588596
Egypt;EGY;1950;21150060
Egypt;EGY;1960;27034500
Egypt;EGY;1970;34781990
Egypt;EGY;1980;43748550
Egypt;EGY;1990;57214630
Egypt;EGY;2000;71371370
Egypt;EGY;2010;87252420
Egypt;EGY;2020;107465130
El Salvador;SLV;;
El Salvador;SLV;1950;2182419
El Salvador;SLV;1960;2779332
El Salvador;SLV;1970;3619097
El Salvador;SLV;1980;4509000
El Salvador;SLV;1990;5367182
El Salvador;SLV;2000;5958482
El Salvador;SLV;2010;6114039
El Salvador;SLV;2020;6292734
Eritrea;ERI;1950;822581
Eritrea;ERI;1960;993569
Eritrea;ERI;1970;1272748
Eritrea;ERI;1980;1657983
Eritrea;ERI;1990;2149967
Eritrea;ERI;2000;2392888
Eritrea;ERI;2010;3147733
Eritrea;ERI;2020;3555869
Estonia;EST;1950;1102086
Estonia;EST;1960;1218073
Estonia;EST;1970;1362004
Estonia;EST;1980;1476989
Estonia;EST;1990;1570676
Estonia;EST;2000;1396881
Estonia;EST;2010;1331535
Estonia;EST;2020;1329449
Eswatini;SWZ;1950;271656
Eswatini;SWZ;1960;345074
Eswatini;SWZ;1970;442874
Eswatini;SWZ;1980;598568
Eswatini;SWZ;1990;854020
Eswatini;SWZ;2000;1030504
Eswatini;SWZ;2010;1099926
Eswatini;SWZ;2020;1180663
Ethiopia;ETH;1950;17709958
Ethiopia;ETH;1960;21739718
Ethiopia;ETH;1970;28308246
Ethiopia;ETH;1980;34945470
Ethiopia;ETH;1990;47878076
Ethiopia;ETH;2000;67031870
Ethiopia;ETH;2010;89237800
Ethiopia;ETH;2020;117190920
Fiji;FJI;1950;308317
Fiji;FJI;1960;401851
Fiji;FJI;1970;527647
Fiji;FJI;1980;644596
Fiji;FJI;1990;780437
Fiji;FJI;2000;832516
Fiji;FJI;2010;905176
Fiji;FJI;2020;920430
Finland;FIN;1950;4008294
Finland;FIN;1960;4430178
Finland;FIN;1970;4606621
Finland;FIN;1980;4779423
Finland;FIN;1990;4986551
Finland;FIN;2000;5176208
Finland;FIN;2010;5363279
Finland;FIN;2020;5529468
France;FRA;1950;41842356
France;FRA;1960;45659572
France;FRA;1970;50523588
France;FRA;1980;53713836
France;FRA;1990;56412896
France;FRA;2000;58665456
France;FRA;2010;62444570
France;FRA;2020;64480052
French Guiana;GUF;1950;23420
French Guiana;GUF;1960;31143
French Guiana;GUF;1970;46502
French Guiana;GUF;1980;66849
French Guiana;GUF;1990;113948
French Guiana;GUF;2000;164367
French Guiana;GUF;2010;228469
French Guiana;GUF;2020;290978
French Polynesia;PYF;1950;64548
French Polynesia;PYF;1960;84864
French Polynesia;PYF;1970;117907
French Polynesia;PYF;1980;163605
French Polynesia;PYF;1990;211108
French Polynesia;PYF;2000;250939
French Polynesia;PYF;2010;283795
French Polynesia;PYF;2020;301935
Gabon;GAB;1950;472913
Gabon;GAB;1960;513346
Gabon;GAB;1970;597192
Gabon;GAB;1980;749079
Gabon;GAB;1990;983039
Gabon;GAB;2000;1272941
Gabon;GAB;2010;1711117
Gabon;GAB;2020;2292583
Gambia;GMB;1950;306793
Gambia;GMB;1960;399656
Gambia;GMB;1970;528741
Gambia;GMB;1980;718597
Gambia;GMB;1990;1040625
Gambia;GMB;2000;1437540
Gambia;GMB;2010;1937284
Gambia;GMB;2020;2574005
Georgia;GEO;1950;3517266
Georgia;GEO;1960;4051494
Georgia;GEO;1970;4800427
Georgia;GEO;1980;5145847
Georgia;GEO;1990;5391635
Georgia;GEO;2000;4265175
Georgia;GEO;2010;3836834
Georgia;GEO;2020;3765912
Germany;DEU;1950;70964104
Germany;DEU;1960;73063700
Germany;DEU;1970;78294590
Germany;DEU;1980;77786696
Germany;DEU;1990;79370190
Germany;DEU;2000;81551680
Germany;DEU;2010;81325090
Germany;DEU;2020;83328990
Ghana;GHA;1950;5077600
Ghana;GHA;1960;6911514
Ghana;GHA;1970;8861897
Ghana;GHA;1980;11865256
Ghana;GHA;1990;15446987
Ghana;GHA;2000;19665506
Ghana;GHA;2010;25574722
Ghana;GHA;2020;32180402
Greece;GRC;1950;7669097
Greece;GRC;1960;8495419
Greece;GRC;1970;8544874
Greece;GRC;1980;9307159
Greece;GRC;1990;10302255
Greece;GRC;2000;11038112
Greece;GRC;2010;11033784
Greece;GRC;2020;10512232
Grenada;GRD;1950;77044
Grenada;GRD;1960;93792
Grenada;GRD;1970;98815
Grenada;GRD;1980;94857
Grenada;GRD;1990;99066
Grenada;GRD;2000;107442
Grenada;GRD;2010;114058
Grenada;GRD;2020;123672
Guadeloupe;GLP;1950;215273
Guadeloupe;GLP;1960;276984
Guadeloupe;GLP;1970;318322
Guadeloupe;GLP;1980;334237
Guadeloupe;GLP;1990;391961
Guadeloupe;GLP;2000;424068
Guadeloupe;GLP;2010;403073
Guadeloupe;GLP;2020;395649
Guam;GUM;1950;61008
Guam;GUM;1960;72389
Guam;GUM;1970;88313
Guam;GUM;1980;110300
Guam;GUM;1990;138279
Guam;GUM;2000;160209
Guam;GUM;2010;164916
Guam;GUM;2020;169245
Guatemala;GTM;1950;3099871
Guatemala;GTM;1960;4098362
Guatemala;GTM;1970;5453206
Guatemala;GTM;1980;6987769
Guatemala;GTM;1990;9084779
Guatemala;GTM;2000;11735893
Guatemala;GTM;2010;14543126
Guatemala;GTM;2020;17362716
Guinea;GIN;1950;2983566
Guinea;GIN;1960;3516819
Guinea;GIN;1970;4222383
Guinea;GIN;1980;4972611
Guinea;GIN;1990;6354146
Guinea;GIN;2000;8336973
Guinea;GIN;2010;10270728
Guinea;GIN;2020;13205157
Guinea-Bissau;GNB;1950;543421
Guinea-Bissau;GNB;1960;577942
Guinea-Bissau;GNB;1970;591665
Guinea-Bissau;GNB;1980;831469
Guinea-Bissau;GNB;1990;973557
Guinea-Bissau;GNB;2000;1230855
Guinea-Bissau;GNB;2010;1567226
Guinea-Bissau;GNB;2020;2015839
Guyana;GUY;1950;417734
Guyana;GUY;1960;571994
Guyana;GUY;1970;705266
Guyana;GUY;1980;778187
Guyana;GUY;1990;747124
Guyana;GUY;2000;759059
Guyana;GUY;2010;747937
Guyana;GUY;2020;797207
Haiti;HTI;1950;3247240
Haiti;HTI;1960;3901147
Haiti;HTI;1970;4680817
Haiti;HTI;1980;5646680
Haiti;HTI;1990;6925335
Haiti;HTI;2000;8360224
Haiti;HTI;2010;9842883
Haiti;HTI;2020;11306804
Honduras;HND;1950;1557940
Honduras;HND;1960;2078624
Honduras;HND;1970;2782756
Honduras;HND;1980;3777994
Honduras;HND;1990;5053235
Honduras;HND;2000;6656727
Honduras;HND;2010;8450936
Honduras;HND;2020;10121762
Hong Kong;HKG;1950;1980530
Hong Kong;HKG;1960;3114676
Hong Kong;HKG;1970;3955076
Hong Kong;HKG;1980;4978551
Hong Kong;HKG;1990;5838573
Hong Kong;HKG;2000;6731195
Hong Kong;HKG;2010;7132437
Hong Kong;HKG;2020;7500955
Hungary;HUN;1950;9337718
Hungary;HUN;1960;9982618
Hungary;HUN;1970;10315367
Hungary;HUN;1980;10698682
Hungary;HUN;1990;10375989
Hungary;HUN;2000;10202054
Hungary;HUN;2010;9986832
Hungary;HUN;2020;9750571
Iceland;ISL;1950;142666
Iceland;ISL;1960;175583
Iceland;ISL;1970;204483
Iceland;ISL;1980;228276
Iceland;ISL;1990;255026
Iceland;ISL;2000;281469
Iceland;ISL;2010;318346
Iceland;ISL;2020;366682
India;IND;1950;357021120
India;IND;1960;445954560
India;IND;1970;557501300
India;IND;1980;696828350
India;IND;1990;870452160
India;IND;2000;1059633660
India;IND;2010;1240613600
India;IND;2020;1396387100
Indonesia;IDN;1950;69567624
Indonesia;IDN;1960;88382890
Indonesia;IDN;1970;115228390
Indonesia;IDN;1980;148177100
Indonesia;IDN;1990;182159890
Indonesia;IDN;2000;214072420
Indonesia;IDN;2010;244016180
Indonesia;IDN;2020;271858000
Iran;IRN;1950;16832842
Iran;IRN;1960;21388810
Iran;IRN;1970;28449702
Iran;IRN;1980;38520668
Iran;IRN;1990;55793628
Iran;IRN;2000;65544380
Iran;IRN;2010;75373864
Iran;IRN;2020;87290190
Iraq;IRQ;1950;5656483
Iraq;IRQ;1960;7084683
Iraq;IRQ;1970;9811356
Iraq;IRQ;1980;13653368
Iraq;IRQ;1990;17658384
Iraq;IRQ;2000;24628860
Iraq;IRQ;2010;31264880
Iraq;IRQ;2020;42556988
Ireland;IRL;1950;2906608
Ireland;IRL;1960;2811075
Ireland;IRL;1970;2937647
Ireland;IRL;1980;3391393
Ireland;IRL;1990;3485370
Ireland;IRL;2000;3768954
Ireland;IRL;2010;4524581
Ireland;IRL;2020;4946123
Isle of Man;IMN;1950;54838
Isle of Man;IMN;1960;48816
Isle of Man;IMN;1970;55323
Isle of Man;IMN;1980;64044
Isle of Man;IMN;1990;68890
Isle of Man;IMN;2000;75582
Isle of Man;IMN;2010;83844
Isle of Man;IMN;2020;84063
Israel;ISR;1950;1284166
Israel;ISR;1960;1902260
Israel;ISR;1970;2907314
Israel;ISR;1980;3744612
Israel;ISR;1990;4803255
Israel;ISR;2000;6116955
Israel;ISR;2010;7328439
Israel;ISR;2020;8757487
Italy;ITA;1950;46391944
Italy;ITA;1960;49517708
Italy;ITA;1970;53324036
Italy;ITA;1980;56329480
Italy;ITA;1990;56756560
Italy;ITA;2000;56966400
Italy;ITA;2010;59822452
Italy;ITA;2020;59500576
Jamaica;JAM;1950;1407472
Jamaica;JAM;1960;1642331
Jamaica;JAM;1970;1859094
Jamaica;JAM;1980;2135548
Jamaica;JAM;1990;2392035
Jamaica;JAM;2000;2612203
Jamaica;JAM;2010;2733904
Jamaica;JAM;2020;2820438
Japan;JPN;1950;84353060
Japan;JPN;1960;94464840
Japan;JPN;1970;105416840
Japan;JPN;1980;117624200
Japan;JPN;1990;123686320
Japan;JPN;2000;126803864
Japan;JPN;2010;128105430
Japan;JPN;2020;125244760
Jordan;JOR;1950;438397
Jordan;JOR;1960;847944
Jordan;JOR;1970;1557376
Jordan;JOR;1980;2216908
Jordan;JOR;1990;3480591
Jordan;JOR;2000;5056172
Jordan;JOR;2010;6931263
Jordan;JOR;2020;10928723
Kazakhstan;KAZ;1950;6655677
Kazakhstan;KAZ;1960;9319287
Kazakhstan;KAZ;1970;12265311
Kazakhstan;KAZ;1980;14172706
Kazakhstan;KAZ;1990;16866574
Kazakhstan;KAZ;2000;15236256
Kazakhstan;KAZ;2010;16627839
Kazakhstan;KAZ;2020;18979250
Kenya;KEN;1950;5774050
Kenya;KEN;1960;7751440
Kenya;KEN;1970;11473096
Kenya;KEN;1980;16187124
Kenya;KEN;1990;23162270
Kenya;KEN;2000;30851604
Kenya;KEN;2010;41517896
Kenya;KEN;2020;51985780
Kiribati;KIR;1950;37871
Kiribati;KIR;1960;47112
Kiribati;KIR;1970;57454
Kiribati;KIR;1980;60835
Kiribati;KIR;1990;75140
Kiribati;KIR;2000;88840
Kiribati;KIR;2010;108011
Kiribati;KIR;2020;126473
Kuwait;KWT;1950;153754
Kuwait;KWT;1960;305422
Kuwait;KWT;1970;802791
Kuwait;KWT;1980;1493882
Kuwait;KWT;1990;1674942
Kuwait;KWT;2000;1934910
Kuwait;KWT;2010;2943364
Kuwait;KWT;2020;4360451
Kyrgyzstan;KGZ;1950;1751232
Kyrgyzstan;KGZ;1960;2216535
Kyrgyzstan;KGZ;1970;3016390
Kyrgyzstan;KGZ;1980;3691213
Kyrgyzstan;KGZ;1990;4394738
Kyrgyzstan;KGZ;2000;4935185
Kyrgyzstan;KGZ;2010;5483781
Kyrgyzstan;KGZ;2020;6424880
Laos;LAO;1950;1684682
Laos;LAO;1960;2122537
Laos;LAO;1970;2675284
Laos;LAO;1980;3297520
Laos;LAO;1990;4314442
Laos;LAO;2000;5430862
Laos;LAO;2010;6323425
Laos;LAO;2020;7319397
Latvia;LVA;1950;1922524
Latvia;LVA;1960;2154253
Latvia;LVA;1970;2397412
Latvia;LVA;1980;2572039
Latvia;LVA;1990;2689398
Latvia;LVA;2000;2392536
Latvia;LVA;2010;2101537
Latvia;LVA;2020;1897057
Lebanon;LBN;1950;1349596
Lebanon;LBN;1960;1798095
Lebanon;LBN;1970;2381799
Lebanon;LBN;1980;2963707
Lebanon;LBN;1990;3593705
Lebanon;LBN;2000;4320650
Lebanon;LBN;2010;4995799
Lebanon;LBN;2020;5662924
Lesotho;LSO;1950;579478
Lesotho;LSO;1960;737851
Lesotho;LSO;1970;1023493
Lesotho;LSO;1980;1407685
Lesotho;LSO;1990;1799004
Lesotho;LSO;2000;1998632
Lesotho;LSO;2010;2022752
Lesotho;LSO;2020;2254104
Liberia;LBR;1950;915910
Liberia;LBR;1960;1137030
Liberia;LBR;1970;1463571
Liberia;LBR;1980;1932174
Liberia;LBR;1990;2209737
Liberia;LBR;2000;2895229
Liberia;LBR;2010;4019958
Liberia;LBR;2020;5087591
Libya;LBY;1950;1130680
Libya;LBY;1960;1426984
Libya;LBY;1970;1909179
Libya;LBY;1980;2962724
Libya;LBY;1990;4236988
Libya;LBY;2000;5154789
Libya;LBY;2010;6491991
Libya;LBY;2020;6653946
Lithuania;LTU;1950;2564806
Lithuania;LTU;1960;2875686
Lithuania;LTU;1970;3210153
Lithuania;LTU;1980;3521205
Lithuania;LTU;1990;3785851
Lithuania;LTU;2000;3599639
Lithuania;LTU;2010;3139021
Lithuania;LTU;2020;2820269
Luxembourg;LUX;1950;296589
Luxembourg;LUX;1960;314170
Luxembourg;LUX;1970;339354
Luxembourg;LUX;1980;363745
Luxembourg;LUX;1990;381275
Luxembourg;LUX;2000;435634
Luxembourg;LUX;2010;507075
Luxembourg;LUX;2020;630401
Macao;MAC;1950;196852
Macao;MAC;1960;177028
Macao;MAC;1970;247291
Macao;MAC;1980;245339
Macao;MAC;1990;350240
Macao;MAC;2000;431904
Macao;MAC;2010;557307
Macao;MAC;2020;676287
Madagascar;MDG;1950;3953898
Madagascar;MDG;1960;5073347
Madagascar;MDG;1970;6639750
Madagascar;MDG;1980;8948166
Madagascar;MDG;1990;11882763
Madagascar;MDG;2000;16216432
Madagascar;MDG;2010;21731052
Madagascar;MDG;2020;28225182
Malawi;MWI;1950;2949747
Malawi;MWI;1960;3621087
Malawi;MWI;1970;4625145
Malawi;MWI;1980;6267373
Malawi;MWI;1990;9539669
Malawi;MWI;2000;11229380
Malawi;MWI;2010;14718426
Malawi;MWI;2020;19377058
Malaysia;MYS;1950;5972878
Malaysia;MYS;1960;7833788
Malaysia;MYS;1970;10306509
Malaysia;MYS;1980;13215709
Malaysia;MYS;1990;17517060
Malaysia;MYS;2000;22945152
Malaysia;MYS;2010;28717728
Malaysia;MYS;2020;33199988
Maldives;MDV;1950;74497
Maldives;MDV;1960;91666
Maldives;MDV;1970;123256
Maldives;MDV;1980;164900
Maldives;MDV;1990;224976
Maldives;MDV;2000;282520
Maldives;MDV;2010;361579
Maldives;MDV;2020;514451
Mali;MLI;1950;4694920
Mali;MLI;1960;5346797
Mali;MLI;1970;6153586
Mali;MLI;1980;7372590
Mali;MLI;1990;8945030
Mali;MLI;2000;11239103
Mali;MLI;2010;15529183
Mali;MLI;2020;21224042
Marshall Islands;MHL;1950;13085
Marshall Islands;MHL;1960;15393
Marshall Islands;MHL;1970;23992
Marshall Islands;MHL;1980;32008
Marshall Islands;MHL;1990;46069
Marshall Islands;MHL;2000;54243
Marshall Islands;MHL;2010;53431
Marshall Islands;MHL;2020;43437
Martinique;MTQ;1950;232006
Martinique;MTQ;1960;290102
Martinique;MTQ;1970;326440
Martinique;MTQ;1980;333798
Martinique;MTQ;1990;374280
Martinique;MTQ;2000;432555
Martinique;MTQ;2010;392183
Martinique;MTQ;2020;370399
Mauritania;MRT;1950;658563
Mauritania;MRT;1960;838486
Mauritania;MRT;1970;1122207
Mauritania;MRT;1980;1506704
Mauritania;MRT;1990;2006035
Mauritania;MRT;2000;2695018
Mauritania;MRT;2010;3419462
Mauritania;MRT;2020;4498605
Mauritius;MUS;1950;525445
Mauritius;MUS;1960;676690
Mauritius;MUS;1970;830125
Mauritius;MUS;1980;954876
Mauritius;MUS;1990;1090296
Mauritius;MUS;2000;1215930
Mauritius;MUS;2010;1283347
Mauritius;MUS;2020;1297830
Mexico;MEX;1950;27600140
Mexico;MEX;1960;36268050
Mexico;MEX;1970;50289304
Mexico;MEX;1980;67705180
Mexico;MEX;1990;81720424
Mexico;MEX;2000;97873450
Mexico;MEX;2010;112532400
Mexico;MEX;2020;125998296
Micronesia (country);FSM;1950;31934
Micronesia (country);FSM;1960;43006
Micronesia (country);FSM;1970;59014
Micronesia (country);FSM;1980;76317
Micronesia (country);FSM;1990;98616
Micronesia (country);FSM;2000;111725
Micronesia (country);FSM;2010;107606
Micronesia (country);FSM;2020;112119
Moldova;MDA;1950;2370314
Moldova;MDA;1960;3133275
Moldova;MDA;1970;3711141
Moldova;MDA;1980;4103239
Moldova;MDA;1990;4480206
Moldova;MDA;2000;4251571
Moldova;MDA;2010;3678186
Moldova;MDA;2020;3084848
Mongolia;MNG;1950;781264
Mongolia;MNG;1960;977906
Mongolia;MNG;1970;1293885
Mongolia;MNG;1980;1697787
Mongolia;MNG;1990;2161440
Mongolia;MNG;2000;2450988
Mongolia;MNG;2010;2702527
Mongolia;MNG;2020;3294340
Montenegro;MNE;1950;402266
Montenegro;MNE;1960;473055
Montenegro;MNE;1970;530271
Montenegro;MNE;1980;589334
Montenegro;MNE;1990;621450
Montenegro;MNE;2000;633330
Montenegro;MNE;2010;631048
Montenegro;MNE;2020;629058
Montserrat;MSR;1950;13011
Montserrat;MSR;1960;12128
Montserrat;MSR;1970;11423
Montserrat;MSR;1980;11472
Montserrat;MSR;1990;10828
Montserrat;MSR;2000;5166
Montserrat;MSR;2010;4960
Montserrat;MSR;2020;4526
Morocco;MAR;1950;8946213
Morocco;MAR;1960;11769782
Morocco;MAR;1970;15274357
Morocco;MAR;1980;19678446
Morocco;MAR;1990;24570816
Morocco;MAR;2000;28554420
Morocco;MAR;2010;32464866
Morocco;MAR;2020;36688770
Mozambique;MOZ;1950;5920221
Mozambique;MOZ;1960;6788377
Mozambique;MOZ;1970;8411678
Mozambique;MOZ;1980;11413590
Mozambique;MOZ;1990;13303461
Mozambique;MOZ;2000;17768510
Mozambique;MOZ;2010;23073732
Mozambique;MOZ;2020;31178242
Myanmar;MMR;1950;17731816
Myanmar;MMR;1960;21720702
Myanmar;MMR;1970;27284118
Myanmar;MMR;1980;33465782
Myanmar;MMR;1990;40099556
Myanmar;MMR;2000;45538340
Myanmar;MMR;2010;49390988
Myanmar;MMR;2020;53423200
Namibia;NAM;1950;514785
Namibia;NAM;1960;590188
Namibia;NAM;1970;754475
Namibia;NAM;1980;975998
Namibia;NAM;1990;1369016
Namibia;NAM;2000;1819148
Namibia;NAM;2010;2099275
Namibia;NAM;2020;2489099
Nepal;NPL;1950;8398952
Nepal;NPL;1960;10167941
Nepal;NPL;1970;12501288
Nepal;NPL;1980;15600443
Nepal;NPL;1990;19616528
Nepal;NPL;2000;24559504
Nepal;NPL;2010;27161572
Nepal;NPL;2020;29348626
Netherlands;NDL;1950;10093555
Netherlands;NDL;1960;11493124
Netherlands;NDL;1970;13037686
Netherlands;NDL;1980;14130383
Netherlands;NDL;1990;14944550
Netherlands;NDL;2000;15899138
Netherlands;NDL;2010;16617121
Netherlands;NDL;2020;17434562
New Caledonia;NCL;1950;63884
New Caledonia;NCL;1960;81258
New Caledonia;NCL;1970;111000
New Caledonia;NCL;1980;148611
New Caledonia;NCL;1990;177280
New Caledonia;NCL;2000;221548
New Caledonia;NCL;2010;261435
New Caledonia;NCL;2020;286412
New Zealand;NZL;1950;1911611
New Zealand;NZL;1960;2381191
New Zealand;NZL;1970;2824068
New Zealand;NZL;1980;3147166
New Zealand;NZL;1990;3397388
New Zealand;NZL;2000;3855266
New Zealand;NZL;2010;4346345
New Zealand;NZL;2020;5061130
Nicaragua;NIC;1950;1330447
Nicaragua;NIC;1960;1789695
Nicaragua;NIC;1970;2444776
Nicaragua;NIC;1980;3303310
Nicaragua;NIC;1990;4227824
Nicaragua;NIC;2000;5123223
Nicaragua;NIC;2010;5855736
Nicaragua;NIC;2020;6755900
Niger;NER;1950;2569201
Niger;NER;1960;3497438
Niger;NER;1970;4669707
Niger;NER;1980;6173179
Niger;NER;1990;8370650
Niger;NER;2000;11622673
Niger;NER;2010;16647545
Niger;NER;2020;24333644
Nigeria;NGA;1950;37189376
Nigeria;NGA;1960;44928336
Nigeria;NGA;1970;55569268
Nigeria;NGA;1980;72951440
Nigeria;NGA;1990;95214260
Nigeria;NGA;2000;122851980
Nigeria;NGA;2010;160952860
Nigeria;NGA;2020;208327410
Niue;NIU;1950;4509
Niue;NIU;1960;4897
Niue;NIU;1970;5206
Niue;NIU;1980;3659
Niue;NIU;1990;2560
Niue;NIU;2000;2096
Niue;NIU;2010;1838
Niue;NIU;2020;1963
North Korea;PRK;1950;11103386
North Korea;PRK;1960;11655668
North Korea;PRK;1970;14996881
North Korea;PRK;1980;17973654
North Korea;PRK;1990;20799522
North Korea;PRK;2000;23367064
North Korea;PRK;2010;24686436
North Korea;PRK;2020;25867474
North Macedonia;MKD;1950;1251437
North Macedonia;MKD;1960;1462373
North Macedonia;MKD;1970;1656789
North Macedonia;MKD;1980;1907035
North Macedonia;MKD;1990;2044181
North Macedonia;MKD;2000;2037940
North Macedonia;MKD;2010;2093828
North Macedonia;MKD;2020;2111078
Northern Mariana Islands;MNP;1950;7083
Northern Mariana Islands;MNP;1960;8721
Northern Mariana Islands;MNP;1970;10166
Northern Mariana Islands;MNP;1980;17637
Northern Mariana Islands;MNP;1990;48021
Northern Mariana Islands;MNP;2000;80353
Northern Mariana Islands;MNP;2010;54109
Northern Mariana Islands;MNP;2020;49611
Norway;NOR;1950;3281428
Norway;NOR;1960;3581521
Norway;NOR;1970;3875550
Norway;NOR;1980;4085778
Norway;NOR;1990;4241637
Norway;NOR;2000;4491204
Norway;NOR;2010;4889747
Norway;NOR;2020;5379836
Oman;OMN;1950;457321
Oman;OMN;1960;536556
Oman;OMN;1970;670697
Oman;OMN;1980;1017473
Oman;OMN;1990;1804528
Oman;OMN;2000;2344261
Oman;OMN;2010;2881915
Oman;OMN;2020;4543406
Pakistan;PAK;1950;37696264
Pakistan;PAK;1960;45954228
Pakistan;PAK;1970;59290870
Pakistan;PAK;1980;80624056
Pakistan;PAK;1990;115414070
Pakistan;PAK;2000;154369920
Pakistan;PAK;2010;194454500
Pakistan;PAK;2020;227196740
Palau;PLW;1950;7451
Palau;PLW;1960;9470
Palau;PLW;1970;11394
Palau;PLW;1980;12279
Palau;PLW;1990;15318
Palau;PLW;2000;19745
Palau;PLW;2010;18563
Palau;PLW;2020;17999
Palestine;PSE;1950;944814
Palestine;PSE;1960;1073847
Palestine;PSE;1970;1118247
Palestine;PSE;1980;1453631
Palestine;PSE;1990;2124623
Palestine;PSE;2000;3139950
Palestine;PSE;2010;3992283
Palestine;PSE;2020;5019407
Panama;PAN;1950;861090
Panama;PAN;1960;1126996
Panama;PAN;1970;1516194
Panama;PAN;1980;1956989
Panama;PAN;1990;2449966
Panama;PAN;2000;3001738
Panama;PAN;2010;3623622
Panama;PAN;2020;4294391
Papua New Guinea;PNG;1950;1542863
Papua New Guinea;PNG;1960;1985668
Papua New Guinea;PNG;1970;2489072
Papua New Guinea;PNG;1980;3104793
Papua New Guinea;PNG;1990;3864983
Papua New Guinea;PNG;2000;5508300
Papua New Guinea;PNG;2010;7583269
Papua New Guinea;PNG;2020;9749641
Paraguay;PRY;1950;1504818
Paraguay;PRY;1960;1894835
Paraguay;PRY;1970;2408789
Paraguay;PRY;1980;3078914
Paraguay;PRY;1990;4059198
Paraguay;PRY;2000;5123817
Paraguay;PRY;2010;5768618
Paraguay;PRY;2020;6618700
Peru;PER;1950;7678967
Peru;PER;1960;10172210
Peru;PER;1970;13562372
Peru;PER;1980;17492406
Peru;PER;1990;22109102
Peru;PER;2000;26654440
Peru;PER;2010;29229576
Peru;PER;2020;33304768
Philippines;PHL;1950;18469880
Philippines;PHL;1960;28486868
Philippines;PHL;1970;37435588
Philippines;PHL;1980;48419544
Philippines;PHL;1990;61558900
Philippines;PHL;2000;77958220
Philippines;PHL;2010;94636700
Philippines;PHL;2020;112190984
Poland;POL;1950;24786240
Poland;POL;1960;29509902
Poland;POL;1970;32482946
Poland;POL;1980;35521430
Poland;POL;1990;38064252
Poland;POL;2000;38504430
Poland;POL;2010;38597356
Poland;POL;2020;38428370
Portugal;PRT;1950;8416952
Portugal;PRT;1960;8882476
Portugal;PRT;1970;8683627
Portugal;PRT;1980;9785251
Portugal;PRT;1990;10007347
Portugal;PRT;2000;10300632
Portugal;PRT;2010;10588401
Portugal;PRT;2020;10298186
Puerto Rico;PRI;1950;2229747
Puerto Rico;PRI;1960;2365078
Puerto Rico;PRI;1970;2737624
Puerto Rico;PRI;1980;3214573
Puerto Rico;PRI;1990;3543785
Puerto Rico;PRI;2000;3827104
Puerto Rico;PRI;2010;3717920
Puerto Rico;PRI;2020;3271570
Qatar;QAT;1950;24310
Qatar;QAT;1960;36406
Qatar;QAT;1970;118019
Qatar;QAT;1980;277459
Qatar;QAT;1990;441685
Qatar;QAT;2000;645947
Qatar;QAT;2010;1713512
Qatar;QAT;2020;2760390
Reunion;REU;1950;249310
Reunion;REU;1960;366001
Reunion;REU;1970;473934
Reunion;REU;1980;551677
Reunion;REU;1990;659000
Reunion;REU;2000;785432
Reunion;REU;2010;890144
Reunion;REU;2020;957829
Romania;ROU;1950;16392973
Romania;ROU;1960;18458012
Romania;ROU;1970;19922620
Romania;ROU;1980;22125226
Romania;ROU;1990;22836234
Romania;ROU;2000;21919882
Romania;ROU;2010;20335212
Romania;ROU;2020;19442040
Russia;RUS;1950;102580110
Russia;RUS;1960;119735100
Russia;RUS;1970;130093010
Russia;RUS;1980;138257420
Russia;RUS;1990;148005700
Russia;RUS;2000;146844850
Russia;RUS;2010;143242600
Russia;RUS;2020;145617330
Rwanda;RWA;1950;2154225
Rwanda;RWA;1960;2966170
Rwanda;RWA;1970;3896371
Rwanda;RWA;1980;5247537
Rwanda;RWA;1990;7319970
Rwanda;RWA;2000;8109994
Rwanda;RWA;2010;10309032
Rwanda;RWA;2020;13146367
Saint Barthelemy;BLM;1950;2027
Saint Barthelemy;BLM;1960;2214
Saint Barthelemy;BLM;1970;2435
Saint Barthelemy;BLM;1980;3005
Saint Barthelemy;BLM;1990;5193
Saint Barthelemy;BLM;2000;7108
Saint Barthelemy;BLM;2010;9011
Saint Barthelemy;BLM;2020;10706
Saint Helena;SHN;1950;5249
Saint Helena;SHN;1960;5390
Saint Helena;SHN;1970;5780
Saint Helena;SHN;1980;6421
Saint Helena;SHN;1990;6633
Saint Helena;SHN;2000;6048
Saint Helena;SHN;2010;5338
Saint Helena;SHN;2020;5448
Saint Kitts and Nevis;KNA;1950;47275
Saint Kitts and Nevis;KNA;1960;56679
Saint Kitts and Nevis;KNA;1970;44991
Saint Kitts and Nevis;KNA;1980;43117
Saint Kitts and Nevis;KNA;1990;40663
Saint Kitts and Nevis;KNA;2000;45492
Saint Kitts and Nevis;KNA;2010;47429
Saint Kitts and Nevis;KNA;2020;47666
Saint Lucia;LCA;1950;86716
Saint Lucia;LCA;1960;91629
Saint Lucia;LCA;1970;103108
Saint Lucia;LCA;1980;121651
Saint Lucia;LCA;1990;142315
Saint Lucia;LCA;2000;159513
Saint Lucia;LCA;2010;170950
Saint Lucia;LCA;2020;179245
Saint Martin (French part);MAF;1950;2999
Saint Martin (French part);MAF;1960;4152
Saint Martin (French part);MAF;1970;5823
Saint Martin (French part);MAF;1980;7797
Saint Martin (French part);MAF;1990;28150
Saint Martin (French part);MAF;2000;29633
Saint Martin (French part);MAF;2010;36478
Saint Martin (French part);MAF;2020;32577
Saint Vincent and the Grenadines;VCT;1950;61563
Saint Vincent and the Grenadines;VCT;1960;84157
Saint Vincent and the Grenadines;VCT;1970;98478
Saint Vincent and the Grenadines;VCT;1980;107499
Saint Vincent and the Grenadines;VCT;1990;112507
Saint Vincent and the Grenadines;VCT;2000;113832
Saint Vincent and the Grenadines;VCT;2010;109324
Saint Vincent and the Grenadines;VCT;2020;104644
Samoa;WSM;1950;87970
Samoa;WSM;1960;113351
Samoa;WSM;1970;142785
Samoa;WSM;1980;164921
Samoa;WSM;1990;168202
Samoa;WSM;2000;184022
Samoa;WSM;2010;194686
Samoa;WSM;2020;214934
Sao Tome and Principe;STP;1950;60993
Sao Tome and Principe;STP;1960;68061
Sao Tome and Principe;STP;1970;77601
Sao Tome and Principe;STP;1980;97225
Sao Tome and Principe;STP;1990;120355
Sao Tome and Principe;STP;2000;143729
Sao Tome and Principe;STP;2010;182154
Sao Tome and Principe;STP;2020;218650
Saudi Arabia;SAU;1950;3089697
Saudi Arabia;SAU;1960;4165566
Saudi Arabia;SAU;1970;6106192
Saudi Arabia;SAU;1980;10171712
Saudi Arabia;SAU;1990;16004768
Saudi Arabia;SAU;2000;21547398
Saudi Arabia;SAU;2010;29411930
Saudi Arabia;SAU;2020;35997108
Senegal;SEN;1950;2496070
Senegal;SEN;1960;3273181
Senegal;SEN;1970;4367747
Senegal;SEN;1980;5703873
Senegal;SEN;1990;7536003
Senegal;SEN;2000;9704291
Senegal;SEN;2010;12530128
Senegal;SEN;2020;16436120
Serbia;SRB;1950;6017687
Serbia;SRB;1960;6579987
Serbia;SRB;1970;7193540
Serbia;SRB;1980;7777013
Serbia;SRB;1990;7987530
Serbia;SRB;2000;7935023
Serbia;SRB;2010;7653749
Serbia;SRB;2020;7358010
Seychelles;SYC;1950;38129
Seychelles;SYC;1960;43186
Seychelles;SYC;1970;54401
Seychelles;SYC;1980;65310
Seychelles;SYC;1990;71073
Seychelles;SYC;2000;80073
Seychelles;SYC;2010;92424
Seychelles;SYC;2020;105545
Sierra Leone;SLE;1950;2000793
Sierra Leone;SLE;1960;2301315
Sierra Leone;SLE;1970;2778561
Sierra Leone;SLE;1980;3367486
Sierra Leone;SLE;1990;4325390
Sierra Leone;SLE;2000;4584074
Sierra Leone;SLE;2010;6436699
Sierra Leone;SLE;2020;8233973
Sint Maarten (Dutch part);SXM;1950;1480
Sint Maarten (Dutch part);SXM;1960;2668
Sint Maarten (Dutch part);SXM;1970;6276
Sint Maarten (Dutch part);SXM;1980;12270
Sint Maarten (Dutch part);SXM;1990;27864
Sint Maarten (Dutch part);SXM;2000;30513
Sint Maarten (Dutch part);SXM;2010;33056
Sint Maarten (Dutch part);SXM;2020;43638
Slovakia;SVK;1950;3465627
Slovakia;SVK;1960;4124235
Slovakia;SVK;1970;4522872
Slovakia;SVK;1980;4973886
Slovakia;SVK;1990;5261310
Slovakia;SVK;2000;5376700
Slovakia;SVK;2010;5396428
Slovakia;SVK;2020;5456681
Slovenia;SVN;1950;1445042
Slovenia;SVN;1960;1599581
Slovenia;SVN;1970;1741287
Slovenia;SVN;1980;1901574
Slovenia;SVN;1990;1986030
Slovenia;SVN;2000;1984339
Slovenia;SVN;2010;2057294
Slovenia;SVN;2020;2117648
Solomon Islands;SLB;1950;1445042
Solomon Islands;SLB;1960;1599581
Solomon Islands;SLB;1970;1741287
Solomon Islands;SLB;1980;1901574
Solomon Islands;SLB;1990;1986030
Solomon Islands;SLB;2000;1984339
Solomon Islands;SLB;2010;2057294
Solomon Islands;SLB;2020;2117648
Somalia;SOM;1950;2213058
Somalia;SOM;1960;2870732
Somalia;SOM;1970;3720982
Somalia;SOM;1980;5892226
Somalia;SOM;1990;6999098
Somalia;SOM;2000;8721465
Somalia;SOM;2010;12026650
Somalia;SOM;2020;16537018
South Africa;ZAF;1950;13043843
South Africa;ZAF;1960;16520438
South Africa;ZAF;1970;22368306
South Africa;ZAF;1980;29463546
South Africa;ZAF;1990;39877570
South Africa;ZAF;2000;46813270
South Africa;ZAF;2010;51784930
South Africa;ZAF;2020;58801930
South Korea;KOR;1950;20104016
South Korea;KOR;1960;25817530
South Korea;KOR;1970;32601146
South Korea;KOR;1980;38170500
South Korea;KOR;1990;44120040
South Korea;KOR;2000;46788588
South Korea;KOR;2010;48813036
South Korea;KOR;2020;51844690
South Sudan;SSD;1950;2492083
South Sudan;SSD;1960;2907727
South Sudan;SSD;1970;3342414
South Sudan;SSD;1980;4192017
South Sudan;SSD;1990;4750824
South Sudan;SSD;2000;6114443
South Sudan;SSD;2010;9714425
South Sudan;SSD;2020;10606224
Spain;ESP;1950;28069696
Spain;ESP;1960;30415594
Spain;ESP;1970;33792624
Spain;ESP;1980;37491664
Spain;ESP;1990;38889890
Spain;ESP;2000;40741652
Spain;ESP;2010;46572776
Spain;ESP;2020;47363810
Sri Lanka;LKA;1950;7945979
Sri Lanka;LKA;1960;9783874
Sri Lanka;LKA;1970;12388767
Sri Lanka;LKA;1980;14943644
Sri Lanka;LKA;1990;17204098
Sri Lanka;LKA;2000;18776374
Sri Lanka;LKA;2010;20668556
Sri Lanka;LKA;2020;21715076
Sudan;SDN;1950;6191328
Sudan;SDN;1960;8326464
Sudan;SDN;1970;11305212
Sudan;SDN;1980;16673591
Sudan;SDN;1990;21090892
Sudan;SDN;2000;26298778
Sudan;SDN;2010;33739932
Sudan;SDN;2020;44440484
Suriname;SUR;1950;195769
Suriname;SUR;1960;268404
Suriname;SUR;1970;379928
Suriname;SUR;1980;375123
Suriname;SUR;1990;412767
Suriname;SUR;2000;479011
Suriname;SUR;2010;546085
Suriname;SUR;2020;607068
Sweden;SWE;1950;7014611
Sweden;SWE;1960;7492907
Sweden;SWE;1970;8027701
Sweden;SWE;1980;8311761
Sweden;SWE;1990;8548407
Sweden;SWE;2000;8871042
Sweden;SWE;2010;9381722
Sweden;SWE;2020;10368968
Switzerland;CHE;1950;4692636
Switzerland;CHE;1960;5328275
Switzerland;CHE;1970;6181231
Switzerland;CHE;1980;6319116
Switzerland;CHE;1990;6711685
Switzerland;CHE;2000;7182052
Switzerland;CHE;2010;7822444
Switzerland;CHE;2020;8638609
Syria;SYR;1950;3543542
Syria;SYR;1960;4610717
Syria;SYR;1970;6319206
Syria;SYR;1980;8898957
Syria;SYR;1990;12409003
Syria;SYR;2000;16307659
Syria;SYR;2010;22337558
Syria;SYR;2020;20772602
Taiwan;TWN;1950;7623139
Taiwan;TWN;1960;10983152
Taiwan;TWN;1970;14957875
Taiwan;TWN;1980;18100280
Taiwan;TWN;1990;20586176
Taiwan;TWN;2000;22194740
Taiwan;TWN;2010;23083086
Taiwan;TWN;2020;23821468
Tajikistan;TJK;1950;1526142
Tajikistan;TJK;1960;2132000
Tajikistan;TJK;1970;2993019
Tajikistan;TJK;1980;4045966
Tajikistan;TJK;1990;5417862
Tajikistan;TJK;2000;6273001
Tajikistan;TJK;2010;7621785
Tajikistan;TJK;2020;9543211
Tanzania;TZA;1950;7632405
Tanzania;TZA;1960;10042467
Tanzania;TZA;1970;13618190
Tanzania;TZA;1980;19297660
Tanzania;TZA;1990;26206024
Tanzania;TZA;2000;34463704
Tanzania;TZA;2010;45110532
Tanzania;TZA;2020;61704520
Thailand;THA;1950;20411638
Thailand;THA;1960;26596590
Thailand;THA;1970;35791730
Thailand;THA;1980;45737756
Thailand;THA;1990;55228410
Thailand;THA;2000;63066604
Thailand;THA;2010;68270490
Thailand;THA;2020;71475660
Timor;TLS;1950;414793
Timor;TLS;1960;468582
Timor;TLS;1970;554030
Timor;TLS;1980;642230
Timor;TLS;1990;758120
Timor;TLS;2000;878367
Timor;TLS;2010;1088492
Timor;TLS;2020;1299998
Togo;TGO;1950;1398532
Togo;TGO;1960;1651372
Togo;TGO;1970;2197384
Togo;TGO;1980;2838115
Togo;TGO;1990;3875958
Togo;TGO;2000;5008043
Togo;TGO;2010;6571862
Togo;TGO;2020;8442583
Tokelau;TKL;1950;1618
Tokelau;TKL;1960;1814
Tokelau;TKL;1970;1733
Tokelau;TKL;1980;1666
Tokelau;TKL;1990;1692
Tokelau;TKL;2000;1689
Tokelau;TKL;2010;1389
Tokelau;TKL;2020;1845
Tonga;TON;1950;49849
Tonga;TON;1960;67447
Tonga;TON;1970;86493
Tonga;TON;1980;96725
Tonga;TON;1990;98744
Tonga;TON;2000;102620
Tonga;TON;2010;107401
Tonga;TON;2020;105265
Trinidad and Tobago;TTO;1950;648619
Trinidad and Tobago;TTO;1960;847067
Trinidad and Tobago;TTO;1970;988902
Trinidad and Tobago;TTO;1980;1127853
Trinidad and Tobago;TTO;1990;1266525
Trinidad and Tobago;TTO;2000;1332203
Trinidad and Tobago;TTO;2010;1410297
Trinidad and Tobago;TTO;2020;1518142
Tunisia;TUN;1950;3606294
Tunisia;TUN;1960;4195466
Tunisia;TUN;1970;5047403
Tunisia;TUN;1980;6578159
Tunisia;TUN;1990;8440035
Tunisia;TUN;2000;9893326
Tunisia;TUN;2010;10895063
Tunisia;TUN;2020;12161720
Turkey;TUR;1950;20977698
Turkey;TUR;1960;27510982
Turkey;TUR;1970;35540988
Turkey;TUR;1980;44089068
Turkey;TUR;1990;54324140
Turkey;TUR;2000;64113548
Turkey;TUR;2010;73195350
Turkey;TUR;2020;84135430
Turkmenistan;TKM;1950;1214109
Turkmenistan;TKM;1960;1602052
Turkmenistan;TKM;1970;2201432
Turkmenistan;TKM;1980;2862908
Turkmenistan;TKM;1990;3720287
Turkmenistan;TKM;2000;4569135
Turkmenistan;TKM;2010;5267975
Turkmenistan;TKM;2020;6250442
Turks and Caicos Islands;TCA;1950;5057
Turks and Caicos Islands;TCA;1960;5626
Turks and Caicos Islands;TCA;1970;5690
Turks and Caicos Islands;TCA;1980;7620
Turks and Caicos Islands;TCA;1990;11723
Turks and Caicos Islands;TCA;2000;18769
Turks and Caicos Islands;TCA;2010;29751
Turks and Caicos Islands;TCA;2020;44297
Tuvalu;TUV;1950;4756
Tuvalu;TUV;1960;5426
Tuvalu;TUV;1970;5837
Tuvalu;TUV;1980;7755
Tuvalu;TUV;1990;9201
Tuvalu;TUV;2000;9662
Tuvalu;TUV;2010;10570
Tuvalu;TUV;2020;11090
Uganda;UGA;1950;5750643
Uganda;UGA;1960;7617751
Uganda;UGA;1970;10317218
Uganda;UGA;1980;13284030
Uganda;UGA;1990;17586634
Uganda;UGA;2000;24020710
Uganda;UGA;2010;32341724
Uganda;UGA;2020;44404610
Ukraine;UKR;1950;37303000
Ukraine;UKR;1960;42767252
Ukraine;UKR;1970;47279090
Ukraine;UKR;1980;49973920
Ukraine;UKR;1990;51589816
Ukraine;UKR;2000;48879750
Ukraine;UKR;2010;45683024
Ukraine;UKR;2020;43909664
United Arab Emirates;ARE;1950;74613
United Arab Emirates;ARE;1960;133440
United Arab Emirates;ARE;1970;298096
United Arab Emirates;ARE;1980;1014058
United Arab Emirates;ARE;1990;1900160
United Arab Emirates;ARE;2000;3275338
United Arab Emirates;ARE;2010;8481775
United Arab Emirates;ARE;2020;9287286
United Kingdom;GBR;1950;50055068
United Kingdom;GBR;1960;52543024
United Kingdom;GBR;1970;55650160
United Kingdom;GBR;1980;56326330
United Kingdom;GBR;1990;57210444
United Kingdom;GBR;2000;58850044
United Kingdom;GBR;2010;62760050
United Kingdom;GBR;2020;67059470
United States;USA;1950;148281550
United States;USA;1960;176188580
United States;USA;1970;200328340
United States;USA;1980;223140020
United States;USA;1990;248083730
United States;USA;2000;282398560
United States;USA;2010;311182850
United States;USA;2020;335942000
United States Virgin Islands;VIR;1950;27100
United States Virgin Islands;VIR;1960;32883
United States Virgin Islands;VIR;1970;63464
United States Virgin Islands;VIR;1980;96654
United States Virgin Islands;VIR;1990;100699
United States Virgin Islands;VIR;2000;108199
United States Virgin Islands;VIR;2010;106154
United States Virgin Islands;VIR;2020;100452
Uruguay;URY;1950;2234152
Uruguay;URY;1960;2529028
Uruguay;URY;1970;2790270
Uruguay;URY;1980;2953754
Uruguay;URY;1990;3117011
Uruguay;URY;2000;3292227
Uruguay;URY;2010;3352653
Uruguay;URY;2020;3429087
Uzbekistan;UZB;1950;6247555
Uzbekistan;UZB;1960;8372314
Uzbekistan;UZB;1970;12011369
Uzbekistan;UZB;1980;15947135
Uzbekistan;UZB;1990;20579106
Uzbekistan;UZB;2000;24925558
Uzbekistan;UZB;2010;28614234
Uzbekistan;UZB;2020;33526662
Vanuatu;VUT;1950;51587
Vanuatu;VUT;1960;64624
Vanuatu;VUT;1970;87038
Vanuatu;VUT;1980;118173
Vanuatu;VUT;1990;150900
Vanuatu;VUT;2000;192087
Vanuatu;VUT;2010;245464
Vanuatu;VUT;2020;311694
Venezuela;VEN;1950;5488619
Venezuela;VEN;1960;8156941
Venezuela;VEN;1970;11355474
Venezuela;VEN;1980;15210441
Venezuela;VEN;1990;19750580
Venezuela;VEN;2000;24427732
Venezuela;VEN;2010;28715026
Venezuela;VEN;2020;28490458
Vietnam;VNM;1950;25109200
Vietnam;VNM;1960;32718462
Vietnam;VNM;1970;41928850
Vietnam;VNM;1980;52968270
Vietnam;VNM;1990;66912616
Vietnam;VNM;2000;79001144
Vietnam;VNM;2010;87411016
Vietnam;VNM;2020;96648680
Wallis and Futuna;WLF;1950;8556
Wallis and Futuna;WLF;1960;8799
Wallis and Futuna;WLF;1970;9401
Wallis and Futuna;WLF;1980;11341
Wallis and Futuna;WLF;1990;13479
Wallis and Futuna;WLF;2000;14748
Wallis and Futuna;WLF;2010;13167
Wallis and Futuna;WLF;2020;11679
Yemen;YEM;1950;4712813
Yemen;YEM;1960;5542460
Yemen;YEM;1970;6843613
Yemen;YEM;1980;9204941
Yemen;YEM;1990;13375127
Yemen;YEM;2000;18628704
Yemen;YEM;2010;24743944
Yemen;YEM;2020;32284044
Zambia;ZMB;1950;2318453
Zambia;ZMB;1960;3119431
Zambia;ZMB;1970;4281679
Zambia;ZMB;1980;5720442
Zambia;ZMB;1990;7686405
Zambia;ZMB;2000;9891140
Zambia;ZMB;2010;13792095
Zambia;ZMB;2020;18927716
Zimbabwe;ZWE;1950;2791336
Zimbabwe;ZWE;1960;3806312
Zimbabwe;ZWE;1970;5202923
Zimbabwe;ZWE;1980;7049931
Zimbabwe;ZWE;1990;10113899
Zimbabwe;ZWE;2000;11834679
Zimbabwe;ZWE;2010;12839774
Zimbabwe;ZWE;2020;15669663
